,Unnamed: 0,gene,transcript,mutation,sens,ORF,Pos_mut_fs,Pos_mut_ATI,Kosak_strength,PhyloP_score
0,0,KCNQ4,NM_004700,c.11dupC,sens,ATGCGTCTCTGAGCGCCCCGAGCGCGCCCCCGCCCCGGACCGTGCCCGGGCCCCGGCGCCCCCAGCCCGGCGCCGCCCATGGCCGAGGCCCCCCCCGCGCCGCCTCGGCCTGGGTCCCCCGCCCGGGGACGCCCCCCGCGCGGAGCTAGTGGCGCTCACGGCCGTGCAGAGCGAACAGGGCGAGGCGGGCGGGGGCGGCTCCCCGCGCCGCCTCGGCCTCCTGGGCAGCCCCCTGCCGCCGGGCGCGCCCCTCCCTGGGCCGGGCTCCGGCTCGGGCTCCGCCTGCGGCCAGCGCTCCTCGGCCGCGCACAAGCGCTACCGCCGCCTGCAGAACTGGGTCTACAACGTGCTGGAGCGGCCCCGCGGCTGGGCCTTCGTCTACCACGTCTTCATATTTTTGCTGGTCTTCAGCTGCCTGGTGCTGTCTGTGCTGTCCACTATCCAGGAGCACCAGGAACTTGCCAACGAGTGTCTCCTCATCTTGGAATTCGTGATGATCGTGGTTTTCGGCTTGGAGTACATCGTCCGGGTCTGGTCCGCCGGATGCTGCTGCCGCTACCGAGGATGGCAGGGTCGCTTCCGCTTTGCCAGAAAGCCCTTCTGTGTCATCGACTTCATCGTGTTCGTGGCCTCGGTGGCCGTCATCGCCGCGGGTACCCAGGGCAACATCTTCGCCACGTCCGCGCTGCGCAGCATGCGCTTCCTGCAGATCCTGCGCATGGTGCGCATGGACCGCCGCGGCGGCACCTGGAAGCTGCTGGGCTCAGTGGTCTACGCGCATAGCAAGGAGCTGATCACCGCCTGGTACATCGGGTTCCTGGTGCTCATCTTCGCCTCCTTCCTGGTCTACCTGGCTGAGAAGGACGCCAACTCCGACTTCTCCTCCTACGCCGACTCGCTCTGGTGGGGGACGATTACATTGACAACCATCGGCTATGGTGACAAGACACCGCACACATGGCTGGGCAGGGTCCTGGCTGCTGGCTTCGCCTTACTGGGCATCTCTTTCTTTGCCCTGCCTGCCGGCATCCTAGGCTCCGGCTTTGCCCTGAAGGTCCAGGAGCAGCACCGGCAGAAGCACTTCGAGAAGCGGAGGATGCCGGCAGCCAACCTCATCCAGGCTGCCTGGCGCCTGTACTCCACCGATATGAGCCGGGCCTACCTGACAGCCACCTGGTACTACTATGACAGTATCCTCCCATCCTTCAGAGAGCTGGCCCTCTTGTTTGAGCACGTGCAACGGGCCCGCAATGGGGGCCTACGGCCCCTGGAGGTGCGGCGGGCGCCGGTACCCGACGGAGCACCCTCCCGTTACCCGCCCGTTGCCACCTGCCACCGGCCGGGCAGCACCTCCTTCTGCCCTGGGGAAAGCAGCCGGATGGGCATCAAAGACCGCATCCGCATGGGCAGCTCCCAGCGGCGGACGGGTCCTTCCAAGCAGCATCTGGCACCTCCAACAATGCCCACCTCCCCAAGCAGCGAGCAGGTGGGTGAGGCCACCAGCCCCACCAAGGTGCAAAAGAGCTGGAGCTTCAATGACCGCACCCGCTTCCGGGCATCTCTGAGACTCAAACCCCGCACCTCTGCTGAGGATGCCCCCTCAGAGGAAGTAGCAGAGGAGAAGAGCTACCAGTGTGAGCTCACGGTGGACGACATCATGCCTGCTGTGAAGACAGTCATCCGCTCCATCAGGATTCTCAAGTTCCTGGTGGCCAAAAGGAAATTCAAGGAGACACTGCGACCGTACGACGTGAAGGACGTCATTGAGCAGTACTCAGCAGGCCACCTGGACATGCTGGGCCGGATCAAGAGCCTGCAAACTCGGGTGGACCAAATTGTGGGTCGGGGGCCCGGGGACAGGAAGGCCCGGGAGAAGGGCGACAAGGGGCCCTCCGACGCGGAGGTGGTGGATGAAATCAGCATGATGGGACGCGTGGTCAAGGTGGAGAAGCAGGTGCAGTCCATCGAGCACAAGCTGGACCTGCTGTTGGGCTTCTATTCGCGCTGCCTGCGCTCTGGCACCTCGGCCAGCCTGGGCGCCGTGCAAGTGCCGCTGTTCGACCCCGACATCACCTCCGACTACCACAGCCCTGTGGACCACGAGGACATCTCCGTCTCCGCACAGACGCTCAGCATCTCCCGCTCGGTCAGCACCAACATGGACTGAGGGACTTCTCAGAGGCAGGGCAGCACACGGCCAGCCCCGCGGCCTGGCGCTCCGACTGCCCTCTGAGGCCTCCGGACTCCTCTCGTACTTGAACTCACTCCCTCACGGGGAGAGAGACCACACGCAGTATTGAGCTGCCTGAGTGGGCGTGGTACCTGCTGTGGGTGCCAGCGCCCCTTCCCCACCTCAGGAGCGTGAGATGCCAGGTCGCACAGAGGGCAGCAGCAGCGGCCGTCCCGCGGCCTCTGGGCCCCCCAGTGCCCTGCCCACTCCATCAAGGCCCTATGTGGCCCACCTGGCAGGGGCACAGCCCCGGGAGTGGGAGCGGGCGCTGGGGCCCTGGGCCCTGACCCAGCTTCCAGCTATGCAAGGTGAGGTCTCTGGCCCACCCTTCGGACACAGCAGGGAAGCCCTCCCGCCAAGTCCCCGCCCCACTTGGGGGTGGGCCAAGGTGCCCCCACAGGTACCCACAAAGCACAGGACCCTGCCACAAGGCAGGTGGACACCATATATGCAAACCATGT,1,5,3,2
1,1,KCNQ4,NM_004700,c.11dupC,sens, ATGCGTCTCTGAGCGCCCCGAGCGCGCCCCCGCCCCGGACCGTGCCCGGGCCCCGGCGCCCCCAGCCCGGCGCCGCCCATGGCCGAGGCCCCCCCCGCGCCGCCTCGGCCTGGGTCCCCCGCCCGGGGACGCCCCCCGCGCGGAGCTAGTGGCGCTCACGGCCGTGCAGAGCGAACAGGGCGAGGCGGGCGGGGGCGGCTCCCCGCGCCGCCTCGGCCTCCTGGGCAGCCCCCTGCCGCCGGGCGCGCCCCTCCCTGGGCCGGGCTCCGGCTCGGGCTCCGCCTGCGGCCAGCGCTCCTCGGCCGCGCACAAGCGCTACCGCCGCCTGCAGAACTGGGTCTACAACGTGCTGGAGCGGCCCCGCGGCTGGGCCTTCGTCTACCACGTCTTCATATTTTTGCTGGTCTTCAGCTGCCTGGTGCTGTCTGTGCTGTCCACTATCCAGGAGCACCAGGAACTTGCCAACGAGTGTCTCCTCATCTTGGAATTCGTGATGATCGTGGTTTTCGGCTTGGAGTACATCGTCCGGGTCTGGTCCGCCGGATGCTGCTGCCGCTACCGAGGATGGCAGGGTCGCTTCCGCTTTGCCAGAAAGCCCTTCTGTGTCATCGACTTCATCGTGTTCGTGGCCTCGGTGGCCGTCATCGCCGCGGGTACCCAGGGCAACATCTTCGCCACGTCCGCGCTGCGCAGCATGCGCTTCCTGCAGATCCTGCGCATGGTGCGCATGGACCGCCGCGGCGGCACCTGGAAGCTGCTGGGCTCAGTGGTCTACGCGCATAGCAAGGAGCTGATCACCGCCTGGTACATCGGGTTCCTGGTGCTCATCTTCGCCTCCTTCCTGGTCTACCTGGCTGAGAAGGACGCCAACTCCGACTTCTCCTCCTACGCCGACTCGCTCTGGTGGGGGACGATTACATTGACAACCATCGGCTATGGTGACAAGACACCGCACACATGGCTGGGCAGGGTCCTGGCTGCTGGCTTCGCCTTACTGGGCATCTCTTTCTTTGCCCTGCCTGCCGGCATCCTAGGCTCCGGCTTTGCCCTGAAGGTCCAGGAGCAGCACCGGCAGAAGCACTTCGAGAAGCGGAGGATGCCGGCAGCCAACCTCATCCAGGCTGCCTGGCGCCTGTACTCCACCGATATGAGCCGGGCCTACCTGACAGCCACCTGGTACTACTATGACAGTATCCTCCCATCCTTCAGAGAGCTGGCCCTCTTGTTTGAGCACGTGCAACGGGCCCGCAATGGGGGCCTACGGCCCCTGGAGGTGCGGCGGGCGCCGGTACCCGACGGAGCACCCTCCCGTTACCCGCCCGTTGCCACCTGCCACCGGCCGGGCAGCACCTCCTTCTGCCCTGGGGAAAGCAGCCGGATGGGCATCAAAGACCGCATCCGCATGGGCAGCTCCCAGCGGCGGACGGGTCCTTCCAAGCAGCATCTGGCACCTCCAACAATGCCCACCTCCCCAAGCAGCGAGCAGGTGGGTGAGGCCACCAGCCCCACCAAGGTGCAAAAGAGCTGGAGCTTCAATGACCGCACCCGCTTCCGGGCATCTCTGAGACTCAAACCCCGCACCTCTGCTGAGGATGCCCCCTCAGAGGAAGTAGCAGAGGAGAAGAGCTACCAGTGTGAGCTCACGGTGGACGACATCATGCCTGCTGTGAAGACAGTCATCCGCTCCATCAGGATTCTCAAGTTCCTGGTGGCCAAAAGGAAATTCAAGGAGACACTGCGACCGTACGACGTGAAGGACGTCATTGAGCAGTACTCAGCAGGCCACCTGGACATGCTGGGCCGGATCAAGAGCCTGCAAACTCGGGTGGACCAAATTGTGGGTCGGGGGCCCGGGGACAGGAAGGCCCGGGAGAAGGGCGACAAGGGGCCCTCCGACGCGGAGGTGGTGGATGAAATCAGCATGATGGGACGCGTGGTCAAGGTGGAGAAGCAGGTGCAGTCCATCGAGCACAAGCTGGACCTGCTGTTGGGCTTCTATTCGCGCTGCCTGCGCTCTGGCACCTCGGCCAGCCTGGGCGCCGTGCAAGTGCCGCTGTTCGACCCCGACATCACCTCCGACTACCACAGCCCTGTGGACCACGAGGACATCTCCGTCTCCGCACAGACGCTCAGCATCTCCCGCTCGGTCAGCACCAACATGGACTGAGGGACTTCTCAGAGGCAGGGCAGCACACGGCCAGCCCCGCGGCCTGGCGCTCCGACTGCCCTCTGAGGCCTCCGGACTCCTCTCGTACTTGAACTCACTCCCTCACGGGGAGAGAGACCACACGCAGTATTGAGCTGCCTGAGTGGGCGTGGTACCTGCTGTGGGTGCCAGCGCCCCTTCCCCACCTCAGGAGCGTGAGATGCCAGGTCGCACAGAGGGCAGCAGCAGCGGCCGTCCCGCGGCCTCTGGGCCCCCCAGTGCCCTGCCCACTCCATCAAGGCCCTATGTGGCCCACCTGGCAGGGGCACAGCCCCGGGAGTGGGAGCGGGCGCTGGGGCCCTGGGCCCTGACCCAGCTTCCAGCTATGCAAGGTGAGGTCTCTGGCCCACCCTTCGGACACAGCAGGGAAGCCCTCCCGCCAAGTCCCCGCCCCACTTGGGGGTGGGCCAAGGTGCCCCCACAGGTACCCACAAAGCACAGGACCCTGCCACAAGGCAGGTGGACACCATATATGCAAACCATGT,2,5,3,2
2,2,KCNQ4,NM_004700,c.11dupC,sens, ATGCGTCTCTGAGCGCCCCGAGCGCGCCCCCGCCCCGGACCGTGCCCGGGCCCCGGCGCCCCCAGCCCGGCGCCGCCCATGGCCGAGGCCCCCCCCGCGCCGCCTCGGCCTGGGTCCCCCGCCCGGGGACGCCCCCCGCGCGGAGCTAGTGGCGCTCACGGCCGTGCAGAGCGAACAGGGCGAGGCGGGCGGGGGCGGCTCCCCGCGCCGCCTCGGCCTCCTGGGCAGCCCCCTGCCGCCGGGCGCGCCCCTCCCTGGGCCGGGCTCCGGCTCGGGCTCCGCCTGCGGCCAGCGCTCCTCGGCCGCGCACAAGCGCTACCGCCGCCTGCAGAACTGGGTCTACAACGTGCTGGAGCGGCCCCGCGGCTGGGCCTTCGTCTACCACGTCTTCATATTTTTGCTGGTCTTCAGCTGCCTGGTGCTGTCTGTGCTGTCCACTATCCAGGAGCACCAGGAACTTGCCAACGAGTGTCTCCTCATCTTGGAATTCGTGATGATCGTGGTTTTCGGCTTGGAGTACATCGTCCGGGTCTGGTCCGCCGGATGCTGCTGCCGCTACCGAGGATGGCAGGGTCGCTTCCGCTTTGCCAGAAAGCCCTTCTGTGTCATCGACTTCATCGTGTTCGTGGCCTCGGTGGCCGTCATCGCCGCGGGTACCCAGGGCAACATCTTCGCCACGTCCGCGCTGCGCAGCATGCGCTTCCTGCAGATCCTGCGCATGGTGCGCATGGACCGCCGCGGCGGCACCTGGAAGCTGCTGGGCTCAGTGGTCTACGCGCATAGCAAGGAGCTGATCACCGCCTGGTACATCGGGTTCCTGGTGCTCATCTTCGCCTCCTTCCTGGTCTACCTGGCTGAGAAGGACGCCAACTCCGACTTCTCCTCCTACGCCGACTCGCTCTGGTGGGGGACGATTACATTGACAACCATCGGCTATGGTGACAAGACACCGCACACATGGCTGGGCAGGGTCCTGGCTGCTGGCTTCGCCTTACTGGGCATCTCTTTCTTTGCCCTGCCTGCCGGCATCCTAGGCTCCGGCTTTGCCCTGAAGGTCCAGGAGCAGCACCGGCAGAAGCACTTCGAGAAGCGGAGGATGCCGGCAGCCAACCTCATCCAGGCTGCCTGGCGCCTGTACTCCACCGATATGAGCCGGGCCTACCTGACAGCCACCTGGTACTACTATGACAGTATCCTCCCATCCTTCAGAGAGCTGGCCCTCTTGTTTGAGCACGTGCAACGGGCCCGCAATGGGGGCCTACGGCCCCTGGAGGTGCGGCGGGCGCCGGTACCCGACGGAGCACCCTCCCGTTACCCGCCCGTTGCCACCTGCCACCGGCCGGGCAGCACCTCCTTCTGCCCTGGGGAAAGCAGCCGGATGGGCATCAAAGACCGCATCCGCATGGGCAGCTCCCAGCGGCGGACGGGTCCTTCCAAGCAGCATCTGGCACCTCCAACAATGCCCACCTCCCCAAGCAGCGAGCAGGTGGGTGAGGCCACCAGCCCCACCAAGGTGCAAAAGAGCTGGAGCTTCAATGACCGCACCCGCTTCCGGGCATCTCTGAGACTCAAACCCCGCACCTCTGCTGAGGATGCCCCCTCAGAGGAAGTAGCAGAGGAGAAGAGCTACCAGTGTGAGCTCACGGTGGACGACATCATGCCTGCTGTGAAGACAGTCATCCGCTCCATCAGGATTCTCAAGTTCCTGGTGGCCAAAAGGAAATTCAAGGAGACACTGCGACCGTACGACGTGAAGGACGTCATTGAGCAGTACTCAGCAGGCCACCTGGACATGCTGGGCCGGATCAAGAGCCTGCAAACTCGGGTGGACCAAATTGTGGGTCGGGGGCCCGGGGACAGGAAGGCCCGGGAGAAGGGCGACAAGGGGCCCTCCGACGCGGAGGTGGTGGATGAAATCAGCATGATGGGACGCGTGGTCAAGGTGGAGAAGCAGGTGCAGTCCATCGAGCACAAGCTGGACCTGCTGTTGGGCTTCTATTCGCGCTGCCTGCGCTCTGGCACCTCGGCCAGCCTGGGCGCCGTGCAAGTGCCGCTGTTCGACCCCGACATCACCTCCGACTACCACAGCCCTGTGGACCACGAGGACATCTCCGTCTCCGCACAGACGCTCAGCATCTCCCGCTCGGTCAGCACCAACATGGACTGAGGGACTTCTCAGAGGCAGGGCAGCACACGGCCAGCCCCGCGGCCTGGCGCTCCGACTGCCCTCTGAGGCCTCCGGACTCCTCTCGTACTTGAACTCACTCCCTCACGGGGAGAGAGACCACACGCAGTATTGAGCTGCCTGAGTGGGCGTGGTACCTGCTGTGGGTGCCAGCGCCCCTTCCCCACCTCAGGAGCGTGAGATGCCAGGTCGCACAGAGGGCAGCAGCAGCGGCCGTCCCGCGGCCTCTGGGCCCCCCAGTGCCCTGCCCACTCCATCAAGGCCCTATGTGGCCCACCTGGCAGGGGCACAGCCCCGGGAGTGGGAGCGGGCGCTGGGGCCCTGGGCCCTGACCCAGCTTCCAGCTATGCAAGGTGAGGTCTCTGGCCCACCCTTCGGACACAGCAGGGAAGCCCTCCCGCCAAGTCCCCGCCCCACTTGGGGGTGGGCCAAGGTGCCCCCACAGGTACCCACAAAGCACAGGACCCTGCCACAAGGCAGGTGGACACCATATATGCAAACCATGT,2,5,3,2
3,6,KCNQ4,NM_004700,c.46delG,sens,ATGCGTCTCTGAGCGCCCCGAGCGCGCCCCCGCCCCGGACCGTGCCCGGGCCCCGGCGCCCCCAGCCCGGCGCCGCCCATGGCCGAGGCCCCCCCGCGCCGCCTCGGCCTGGGTCCCCCGCCCGGGACGCCCCCCGCGCGGAGC,5,2,3,2
4,9,KCNQ4,NM_004700,c.46delG,antisens,ATGCGTCTCTGAGCGCCCCGAGCGCGCCCCCGCCCCGGACCGTGCCCGGGCCCCGGCGCCCCCAGCCCGGCGCCGCCCATGGCCGAGGCCCCCCCGCGCCGCCTCGGCCTGGGTCCCCCGCCCGGGACGCCCCCCGCGCGGAGC,5,1,-1,2
5,12,KCNQ4,NM_004700,c.53dupC,sens,ATGCGTCTCTGAGCGCCCCGAGCGCGCCCCCGCCCCGGACCGTGCCCGGGCCCCGGCGCCCCCAGCCCGGCGCCGCCCATGGCCGAGGCCCCCCCGCGCCGCCTCGGCCTGGGTCCCCCGCCCGGGGACGCCCCCCCGCGCGGAGCTAGTGGCGCTCACGGCCGTGCAGAGCGAACAGGGCGAGGCGGGCGGGGGCGGCTCCCCGCGCCGCCTCGGCCTCCTGGGCAGCCCCCTGCCGCCGGGCGCGCCCCTCCCTGGGCCGGGCTCCGGCTCGGGCTCCGCCTGCGGCCAGCGCTCCTCGGCCGCGCACAAGCGCTACCGCCGCCTGCAGAACTGGGTCTACAACGTGCTGGAGCGGCCCCGCGGCTGGGCCTTCGTCTACCACGTCTTCATATTTTTGCTGGTCTTCAGCTGCCTGGTGCTGTCTGTGCTGTCCACTATCCAGGAGCACCAGGAACTTGCCAACGAGTGTCTCCTCATCTTGGAATTCGTGATGATCGTGGTTTTCGGCTTGGAGTACATCGTCCGGGTCTGGTCCGCCGGATGCTGCTGCCGCTACCGAGGATGGCAGGGTCGCTTCCGCTTTGCCAGAAAGCCCTTCTGTGTCATCGACTTCATCGTGTTCGTGGCCTCGGTGGCCGTCATCGCCGCGGGTACCCAGGGCAACATCTTCGCCACGTCCGCGCTGCGCAGCATGCGCTTCCTGCAGATCCTGCGCATGGTGCGCATGGACCGCCGCGGCGGCACCTGGAAGCTGCTGGGCTCAGTGGTCTACGCGCATAGCAAGGAGCTGATCACCGCCTGGTACATCGGGTTCCTGGTGCTCATCTTCGCCTCCTTCCTGGTCTACCTGGCTGAGAAGGACGCCAACTCCGACTTCTCCTCCTACGCCGACTCGCTCTGGTGGGGGACGATTACATTGACAACCATCGGCTATGGTGACAAGACACCGCACACATGGCTGGGCAGGGTCCTGGCTGCTGGCTTCGCCTTACTGGGCATCTCTTTCTTTGCCCTGCCTGCCGGCATCCTAGGCTCCGGCTTTGCCCTGAAGGTCCAGGAGCAGCACCGGCAGAAGCACTTCGAGAAGCGGAGGATGCCGGCAGCCAACCTCATCCAGGCTGCCTGGCGCCTGTACTCCACCGATATGAGCCGGGCCTACCTGACAGCCACCTGGTACTACTATGACAGTATCCTCCCATCCTTCAGAGAGCTGGCCCTCTTGTTTGAGCACGTGCAACGGGCCCGCAATGGGGGCCTACGGCCCCTGGAGGTGCGGCGGGCGCCGGTACCCGACGGAGCACCCTCCCGTTACCCGCCCGTTGCCACCTGCCACCGGCCGGGCAGCACCTCCTTCTGCCCTGGGGAAAGCAGCCGGATGGGCATCAAAGACCGCATCCGCATGGGCAGCTCCCAGCGGCGGACGGGTCCTTCCAAGCAGCATCTGGCACCTCCAACAATGCCCACCTCCCCAAGCAGCGAGCAGGTGGGTGAGGCCACCAGCCCCACCAAGGTGCAAAAGAGCTGGAGCTTCAATGACCGCACCCGCTTCCGGGCATCTCTGAGACTCAAACCCCGCACCTCTGCTGAGGATGCCCCCTCAGAGGAAGTAGCAGAGGAGAAGAGCTACCAGTGTGAGCTCACGGTGGACGACATCATGCCTGCTGTGAAGACAGTCATCCGCTCCATCAGGATTCTCAAGTTCCTGGTGGCCAAAAGGAAATTCAAGGAGACACTGCGACCGTACGACGTGAAGGACGTCATTGAGCAGTACTCAGCAGGCCACCTGGACATGCTGGGCCGGATCAAGAGCCTGCAAACTCGGGTGGACCAAATTGTGGGTCGGGGGCCCGGGGACAGGAAGGCCCGGGAGAAGGGCGACAAGGGGCCCTCCGACGCGGAGGTGGTGGATGAAATCAGCATGATGGGACGCGTGGTCAAGGTGGAGAAGCAGGTGCAGTCCATCGAGCACAAGCTGGACCTGCTGTTGGGCTTCTATTCGCGCTGCCTGCGCTCTGGCACCTCGGCCAGCCTGGGCGCCGTGCAAGTGCCGCTGTTCGACCCCGACATCACCTCCGACTACCACAGCCCTGTGGACCACGAGGACATCTCCGTCTCCGCACAGACGCTCAGCATCTCCCGCTCGGTCAGCACCAACATGGACTGAGGGACTTCTCAGAGGCAGGGCAGCACACGGCCAGCCCCGCGGCCTGGCGCTCCGACTGCCCTCTGAGGCCTCCGGACTCCTCTCGTACTTGAACTCACTCCCTCACGGGGAGAGAGACCACACGCAGTATTGAGCTGCCTGAGTGGGCGTGGTACCTGCTGTGGGTGCCAGCGCCCCTTCCCCACCTCAGGAGCGTGAGATGCCAGGTCGCACAGAGGGCAGCAGCAGCGGCCGTCCCGCGGCCTCTGGGCCCCCCAGTGCCCTGCCCACTCCATCAAGGCCCTATGTGGCCCACCTGGCAGGGGCACAGCCCCGGGAGTGGGAGCGGGCGCTGGGGCCCTGGGCCCTGACCCAGCTTCCAGCTATGCAAGGTGAGGTCTCTGGCCCACCCTTCGGACACAGCAGGGAAGCCCTCCCGCCAAGTCCCCGCCCCACTTGGGGGTGGGCCAAGGTGCCCCCACAGGTACCCACAAAGCACAGGACCCTGCCACAAGGCAGGTGGACACCATATATGCAAACCATGT,1,5,-1,0
6,13,KCNQ4,NM_004700,c.53dupC,sens, ATGCGTCTCTGAGCGCCCCGAGCGCGCCCCCGCCCCGGACCGTGCCCGGGCCCCGGCGCCCCCAGCCCGGCGCCGCCCATGGCCGAGGCCCCCCCGCGCCGCCTCGGCCTGGGTCCCCCGCCCGGGGACGCCCCCCCGCGCGGAGCTAGTGGCGCTCACGGCCGTGCAGAGCGAACAGGGCGAGGCGGGCGGGGGCGGCTCCCCGCGCCGCCTCGGCCTCCTGGGCAGCCCCCTGCCGCCGGGCGCGCCCCTCCCTGGGCCGGGCTCCGGCTCGGGCTCCGCCTGCGGCCAGCGCTCCTCGGCCGCGCACAAGCGCTACCGCCGCCTGCAGAACTGGGTCTACAACGTGCTGGAGCGGCCCCGCGGCTGGGCCTTCGTCTACCACGTCTTCATATTTTTGCTGGTCTTCAGCTGCCTGGTGCTGTCTGTGCTGTCCACTATCCAGGAGCACCAGGAACTTGCCAACGAGTGTCTCCTCATCTTGGAATTCGTGATGATCGTGGTTTTCGGCTTGGAGTACATCGTCCGGGTCTGGTCCGCCGGATGCTGCTGCCGCTACCGAGGATGGCAGGGTCGCTTCCGCTTTGCCAGAAAGCCCTTCTGTGTCATCGACTTCATCGTGTTCGTGGCCTCGGTGGCCGTCATCGCCGCGGGTACCCAGGGCAACATCTTCGCCACGTCCGCGCTGCGCAGCATGCGCTTCCTGCAGATCCTGCGCATGGTGCGCATGGACCGCCGCGGCGGCACCTGGAAGCTGCTGGGCTCAGTGGTCTACGCGCATAGCAAGGAGCTGATCACCGCCTGGTACATCGGGTTCCTGGTGCTCATCTTCGCCTCCTTCCTGGTCTACCTGGCTGAGAAGGACGCCAACTCCGACTTCTCCTCCTACGCCGACTCGCTCTGGTGGGGGACGATTACATTGACAACCATCGGCTATGGTGACAAGACACCGCACACATGGCTGGGCAGGGTCCTGGCTGCTGGCTTCGCCTTACTGGGCATCTCTTTCTTTGCCCTGCCTGCCGGCATCCTAGGCTCCGGCTTTGCCCTGAAGGTCCAGGAGCAGCACCGGCAGAAGCACTTCGAGAAGCGGAGGATGCCGGCAGCCAACCTCATCCAGGCTGCCTGGCGCCTGTACTCCACCGATATGAGCCGGGCCTACCTGACAGCCACCTGGTACTACTATGACAGTATCCTCCCATCCTTCAGAGAGCTGGCCCTCTTGTTTGAGCACGTGCAACGGGCCCGCAATGGGGGCCTACGGCCCCTGGAGGTGCGGCGGGCGCCGGTACCCGACGGAGCACCCTCCCGTTACCCGCCCGTTGCCACCTGCCACCGGCCGGGCAGCACCTCCTTCTGCCCTGGGGAAAGCAGCCGGATGGGCATCAAAGACCGCATCCGCATGGGCAGCTCCCAGCGGCGGACGGGTCCTTCCAAGCAGCATCTGGCACCTCCAACAATGCCCACCTCCCCAAGCAGCGAGCAGGTGGGTGAGGCCACCAGCCCCACCAAGGTGCAAAAGAGCTGGAGCTTCAATGACCGCACCCGCTTCCGGGCATCTCTGAGACTCAAACCCCGCACCTCTGCTGAGGATGCCCCCTCAGAGGAAGTAGCAGAGGAGAAGAGCTACCAGTGTGAGCTCACGGTGGACGACATCATGCCTGCTGTGAAGACAGTCATCCGCTCCATCAGGATTCTCAAGTTCCTGGTGGCCAAAAGGAAATTCAAGGAGACACTGCGACCGTACGACGTGAAGGACGTCATTGAGCAGTACTCAGCAGGCCACCTGGACATGCTGGGCCGGATCAAGAGCCTGCAAACTCGGGTGGACCAAATTGTGGGTCGGGGGCCCGGGGACAGGAAGGCCCGGGAGAAGGGCGACAAGGGGCCCTCCGACGCGGAGGTGGTGGATGAAATCAGCATGATGGGACGCGTGGTCAAGGTGGAGAAGCAGGTGCAGTCCATCGAGCACAAGCTGGACCTGCTGTTGGGCTTCTATTCGCGCTGCCTGCGCTCTGGCACCTCGGCCAGCCTGGGCGCCGTGCAAGTGCCGCTGTTCGACCCCGACATCACCTCCGACTACCACAGCCCTGTGGACCACGAGGACATCTCCGTCTCCGCACAGACGCTCAGCATCTCCCGCTCGGTCAGCACCAACATGGACTGAGGGACTTCTCAGAGGCAGGGCAGCACACGGCCAGCCCCGCGGCCTGGCGCTCCGACTGCCCTCTGAGGCCTCCGGACTCCTCTCGTACTTGAACTCACTCCCTCACGGGGAGAGAGACCACACGCAGTATTGAGCTGCCTGAGTGGGCGTGGTACCTGCTGTGGGTGCCAGCGCCCCTTCCCCACCTCAGGAGCGTGAGATGCCAGGTCGCACAGAGGGCAGCAGCAGCGGCCGTCCCGCGGCCTCTGGGCCCCCCAGTGCCCTGCCCACTCCATCAAGGCCCTATGTGGCCCACCTGGCAGGGGCACAGCCCCGGGAGTGGGAGCGGGCGCTGGGGCCCTGGGCCCTGACCCAGCTTCCAGCTATGCAAGGTGAGGTCTCTGGCCCACCCTTCGGACACAGCAGGGAAGCCCTCCCGCCAAGTCCCCGCCCCACTTGGGGGTGGGCCAAGGTGCCCCCACAGGTACCCACAAAGCACAGGACCCTGCCACAAGGCAGGTGGACACCATATATGCAAACCATGT,2,5,-1,0
7,14,KCNQ4,NM_004700,c.53dupC,sens, ATGCGTCTCTGAGCGCCCCGAGCGCGCCCCCGCCCCGGACCGTGCCCGGGCCCCGGCGCCCCCAGCCCGGCGCCGCCCATGGCCGAGGCCCCCCCGCGCCGCCTCGGCCTGGGTCCCCCGCCCGGGGACGCCCCCCCGCGCGGAGCTAGTGGCGCTCACGGCCGTGCAGAGCGAACAGGGCGAGGCGGGCGGGGGCGGCTCCCCGCGCCGCCTCGGCCTCCTGGGCAGCCCCCTGCCGCCGGGCGCGCCCCTCCCTGGGCCGGGCTCCGGCTCGGGCTCCGCCTGCGGCCAGCGCTCCTCGGCCGCGCACAAGCGCTACCGCCGCCTGCAGAACTGGGTCTACAACGTGCTGGAGCGGCCCCGCGGCTGGGCCTTCGTCTACCACGTCTTCATATTTTTGCTGGTCTTCAGCTGCCTGGTGCTGTCTGTGCTGTCCACTATCCAGGAGCACCAGGAACTTGCCAACGAGTGTCTCCTCATCTTGGAATTCGTGATGATCGTGGTTTTCGGCTTGGAGTACATCGTCCGGGTCTGGTCCGCCGGATGCTGCTGCCGCTACCGAGGATGGCAGGGTCGCTTCCGCTTTGCCAGAAAGCCCTTCTGTGTCATCGACTTCATCGTGTTCGTGGCCTCGGTGGCCGTCATCGCCGCGGGTACCCAGGGCAACATCTTCGCCACGTCCGCGCTGCGCAGCATGCGCTTCCTGCAGATCCTGCGCATGGTGCGCATGGACCGCCGCGGCGGCACCTGGAAGCTGCTGGGCTCAGTGGTCTACGCGCATAGCAAGGAGCTGATCACCGCCTGGTACATCGGGTTCCTGGTGCTCATCTTCGCCTCCTTCCTGGTCTACCTGGCTGAGAAGGACGCCAACTCCGACTTCTCCTCCTACGCCGACTCGCTCTGGTGGGGGACGATTACATTGACAACCATCGGCTATGGTGACAAGACACCGCACACATGGCTGGGCAGGGTCCTGGCTGCTGGCTTCGCCTTACTGGGCATCTCTTTCTTTGCCCTGCCTGCCGGCATCCTAGGCTCCGGCTTTGCCCTGAAGGTCCAGGAGCAGCACCGGCAGAAGCACTTCGAGAAGCGGAGGATGCCGGCAGCCAACCTCATCCAGGCTGCCTGGCGCCTGTACTCCACCGATATGAGCCGGGCCTACCTGACAGCCACCTGGTACTACTATGACAGTATCCTCCCATCCTTCAGAGAGCTGGCCCTCTTGTTTGAGCACGTGCAACGGGCCCGCAATGGGGGCCTACGGCCCCTGGAGGTGCGGCGGGCGCCGGTACCCGACGGAGCACCCTCCCGTTACCCGCCCGTTGCCACCTGCCACCGGCCGGGCAGCACCTCCTTCTGCCCTGGGGAAAGCAGCCGGATGGGCATCAAAGACCGCATCCGCATGGGCAGCTCCCAGCGGCGGACGGGTCCTTCCAAGCAGCATCTGGCACCTCCAACAATGCCCACCTCCCCAAGCAGCGAGCAGGTGGGTGAGGCCACCAGCCCCACCAAGGTGCAAAAGAGCTGGAGCTTCAATGACCGCACCCGCTTCCGGGCATCTCTGAGACTCAAACCCCGCACCTCTGCTGAGGATGCCCCCTCAGAGGAAGTAGCAGAGGAGAAGAGCTACCAGTGTGAGCTCACGGTGGACGACATCATGCCTGCTGTGAAGACAGTCATCCGCTCCATCAGGATTCTCAAGTTCCTGGTGGCCAAAAGGAAATTCAAGGAGACACTGCGACCGTACGACGTGAAGGACGTCATTGAGCAGTACTCAGCAGGCCACCTGGACATGCTGGGCCGGATCAAGAGCCTGCAAACTCGGGTGGACCAAATTGTGGGTCGGGGGCCCGGGGACAGGAAGGCCCGGGAGAAGGGCGACAAGGGGCCCTCCGACGCGGAGGTGGTGGATGAAATCAGCATGATGGGACGCGTGGTCAAGGTGGAGAAGCAGGTGCAGTCCATCGAGCACAAGCTGGACCTGCTGTTGGGCTTCTATTCGCGCTGCCTGCGCTCTGGCACCTCGGCCAGCCTGGGCGCCGTGCAAGTGCCGCTGTTCGACCCCGACATCACCTCCGACTACCACAGCCCTGTGGACCACGAGGACATCTCCGTCTCCGCACAGACGCTCAGCATCTCCCGCTCGGTCAGCACCAACATGGACTGAGGGACTTCTCAGAGGCAGGGCAGCACACGGCCAGCCCCGCGGCCTGGCGCTCCGACTGCCCTCTGAGGCCTCCGGACTCCTCTCGTACTTGAACTCACTCCCTCACGGGGAGAGAGACCACACGCAGTATTGAGCTGCCTGAGTGGGCGTGGTACCTGCTGTGGGTGCCAGCGCCCCTTCCCCACCTCAGGAGCGTGAGATGCCAGGTCGCACAGAGGGCAGCAGCAGCGGCCGTCCCGCGGCCTCTGGGCCCCCCAGTGCCCTGCCCACTCCATCAAGGCCCTATGTGGCCCACCTGGCAGGGGCACAGCCCCGGGAGTGGGAGCGGGCGCTGGGGCCCTGGGCCCTGACCCAGCTTCCAGCTATGCAAGGTGAGGTCTCTGGCCCACCCTTCGGACACAGCAGGGAAGCCCTCCCGCCAAGTCCCCGCCCCACTTGGGGGTGGGCCAAGGTGCCCCCACAGGTACCCACAAAGCACAGGACCCTGCCACAAGGCAGGTGGACACCATATATGCAAACCATGT,2,5,-1,0
8,18,KCNQ4,NM_004700,c.53delC,sens,ATGCGTCTCTGAGCGCCCCGAGCGCGCCCCCGCCCCGGACCGTGCCCGGGCCCCGGCGCCCCCAGCCCGGCGCCGCCCATGGCCGAGGCCCCCCCGCGCCGCCTCGGCCTGGGTCCCCCGCCCGGGGACGCCCCCGCGCGGAGC,5,2,-1,0
9,21,KCNQ4,NM_004700,c.53delC,antisens,ATGCGTCTCTGAGCGCCCCGAGCGCGCCCCCGCCCCGGACCGTGCCCGGGCCCCGGCGCCCCCAGCCCGGCGCCGCCCATGGCCGAGGCCCCCCCGCGCCGCCTCGGCCTGGGTCCCCCGCCCGGGGACGCCCCCGCGCGGAGC,5,1,-1,0
10,28,KCNQ4,NM_004700,c.229_230insT,sens,ATGCGTCTCTGAGCGCCCCGAGCGCGCCCCCGCCCCGGACCGTGCCCGGGCCCCGGCGCCCCCAGCCCGGCGCCGCCCATGGCCGAGGCCCCCCCGCGCCGCCTCGGCCTGGGTCCCCCGCCCGGGGACGCCCCCCGCGCGGAGCTAGTGGCGCTCACGGCCGTGCAGAGCGAACAGGGCGAGGCGGGCGGGGGCGGCTCCCCGCGCCGCCTCGGCCTCCTGGGCAGCCCCCTGCCGCCGGGCGCGCCCCTCCCTGGGCCGGGCTCCGGCTCGGGCTCCGCCTGCGGCCAGCGCTCCTCGGCCGCGCTACAAGCGCTACCGCCGCCTGCAGAACTGGGTCTACAACGTGCTGGAGCGGCCCCGCGGCTGGGCCTTCGTCTACCACGTCTTCATATTTTTGCTGGTCTTCAGCTGCCTGGTGCTGTCTGTGCTGTCCACTATCCAGGAGCACCAGGAACTTGCCAACGAGTGTCTCCTCATCTTGGAATTCGTGATGATCGTGGTTTTCGGCTTGGAGTACATCGTCCGGGTCTGGTCCGCCGGATGCTGCTGCCGCTACCGAGGATGGCAGGGTCGCTTCCGCTTTGCCAGAAAGCCCTTCTGTGTCATCGACTTCATCGTGTTCGTGGCCTCGGTGGCCGTCATCGCCGCGGGTACCCAGGGCAACATCTTCGCCACGTCCGCGCTGCGCAGCATGCGCTTCCTGCAGATCCTGCGCATGGTGCGCATGGACCGCCGCGGCGGCACCTGGAAGCTGCTGGGCTCAGTGGTCTACGCGCATAGCAAGGAGCTGATCACCGCCTGGTACATCGGGTTCCTGGTGCTCATCTTCGCCTCCTTCCTGGTCTACCTGGCTGAGAAGGACGCCAACTCCGACTTCTCCTCCTACGCCGACTCGCTCTGGTGGGGGACGATTACATTGACAACCATCGGCTATGGTGACAAGACACCGCACACATGGCTGGGCAGGGTCCTGGCTGCTGGCTTCGCCTTACTGGGCATCTCTTTCTTTGCCCTGCCTGCCGGCATCCTAGGCTCCGGCTTTGCCCTGAAGGTCCAGGAGCAGCACCGGCAGAAGCACTTCGAGAAGCGGAGGATGCCGGCAGCCAACCTCATCCAGGCTGCCTGGCGCCTGTACTCCACCGATATGAGCCGGGCCTACCTGACAGCCACCTGGTACTACTATGACAGTATCCTCCCATCCTTCAGAGAGCTGGCCCTCTTGTTTGAGCACGTGCAACGGGCCCGCAATGGGGGCCTACGGCCCCTGGAGGTGCGGCGGGCGCCGGTACCCGACGGAGCACCCTCCCGTTACCCGCCCGTTGCCACCTGCCACCGGCCGGGCAGCACCTCCTTCTGCCCTGGGGAAAGCAGCCGGATGGGCATCAAAGACCGCATCCGCATGGGCAGCTCCCAGCGGCGGACGGGTCCTTCCAAGCAGCATCTGGCACCTCCAACAATGCCCACCTCCCCAAGCAGCGAGCAGGTGGGTGAGGCCACCAGCCCCACCAAGGTGCAAAAGAGCTGGAGCTTCAATGACCGCACCCGCTTCCGGGCATCTCTGAGACTCAAACCCCGCACCTCTGCTGAGGATGCCCCCTCAGAGGAAGTAGCAGAGGAGAAGAGCTACCAGTGTGAGCTCACGGTGGACGACATCATGCCTGCTGTGAAGACAGTCATCCGCTCCATCAGGATTCTCAAGTTCCTGGTGGCCAAAAGGAAATTCAAGGAGACACTGCGACCGTACGACGTGAAGGACGTCATTGAGCAGTACTCAGCAGGCCACCTGGACATGCTGGGCCGGATCAAGAGCCTGCAAACTCGGGTGGACCAAATTGTGGGTCGGGGGCCCGGGGACAGGAAGGCCCGGGAGAAGGGCGACAAGGGGCCCTCCGACGCGGAGGTGGTGGATGAAATCAGCATGATGGGACGCGTGGTCAAGGTGGAGAAGCAGGTGCAGTCCATCGAGCACAAGCTGGACCTGCTGTTGGGCTTCTATTCGCGCTGCCTGCGCTCTGGCACCTCGGCCAGCCTGGGCGCCGTGCAAGTGCCGCTGTTCGACCCCGACATCACCTCCGACTACCACAGCCCTGTGGACCACGAGGACATCTCCGTCTCCGCACAGACGCTCAGCATCTCCCGCTCGGTCAGCACCAACATGGACTGAGGGACTTCTCAGAGGCAGGGCAGCACACGGCCAGCCCCGCGGCCTGGCGCTCCGACTGCCCTCTGAGGCCTCCGGACTCCTCTCGTACTTGAACTCACTCCCTCACGGGGAGAGAGACCACACGCAGTATTGAGCTGCCTGAGTGGGCGTGGTACCTGCTGTGGGTGCCAGCGCCCCTTCCCCACCTCAGGAGCGTGAGATGCCAGGTCGCACAGAGGGCAGCAGCAGCGGCCGTCCCGCGGCCTCTGGGCCCCCCAGTGCCCTGCCCACTCCATCAAGGCCCTATGTGGCCCACCTGGCAGGGGCACAGCCCCGGGAGTGGGAGCGGGCGCTGGGGCCCTGGGCCCTGACCCAGCTTCCAGCTATGCAAGGTGAGGTCTCTGGCCCACCCTTCGGACACAGCAGGGAAGCCCTCCCGCCAAGTCCCCGCCCCACTTGGGGGTGGGCCAAGGTGCCCCCACAGGTACCCACAAAGCACAGGACCCTGCCACAAGGCAGGTGGACACCATATATGCAAACCATGT,1,5,3,0
11,29,KCNQ4,NM_004700,c.229_230insT,sens, ATGCGTCTCTGAGCGCCCCGAGCGCGCCCCCGCCCCGGACCGTGCCCGGGCCCCGGCGCCCCCAGCCCGGCGCCGCCCATGGCCGAGGCCCCCCCGCGCCGCCTCGGCCTGGGTCCCCCGCCCGGGGACGCCCCCCGCGCGGAGCTAGTGGCGCTCACGGCCGTGCAGAGCGAACAGGGCGAGGCGGGCGGGGGCGGCTCCCCGCGCCGCCTCGGCCTCCTGGGCAGCCCCCTGCCGCCGGGCGCGCCCCTCCCTGGGCCGGGCTCCGGCTCGGGCTCCGCCTGCGGCCAGCGCTCCTCGGCCGCGCTACAAGCGCTACCGCCGCCTGCAGAACTGGGTCTACAACGTGCTGGAGCGGCCCCGCGGCTGGGCCTTCGTCTACCACGTCTTCATATTTTTGCTGGTCTTCAGCTGCCTGGTGCTGTCTGTGCTGTCCACTATCCAGGAGCACCAGGAACTTGCCAACGAGTGTCTCCTCATCTTGGAATTCGTGATGATCGTGGTTTTCGGCTTGGAGTACATCGTCCGGGTCTGGTCCGCCGGATGCTGCTGCCGCTACCGAGGATGGCAGGGTCGCTTCCGCTTTGCCAGAAAGCCCTTCTGTGTCATCGACTTCATCGTGTTCGTGGCCTCGGTGGCCGTCATCGCCGCGGGTACCCAGGGCAACATCTTCGCCACGTCCGCGCTGCGCAGCATGCGCTTCCTGCAGATCCTGCGCATGGTGCGCATGGACCGCCGCGGCGGCACCTGGAAGCTGCTGGGCTCAGTGGTCTACGCGCATAGCAAGGAGCTGATCACCGCCTGGTACATCGGGTTCCTGGTGCTCATCTTCGCCTCCTTCCTGGTCTACCTGGCTGAGAAGGACGCCAACTCCGACTTCTCCTCCTACGCCGACTCGCTCTGGTGGGGGACGATTACATTGACAACCATCGGCTATGGTGACAAGACACCGCACACATGGCTGGGCAGGGTCCTGGCTGCTGGCTTCGCCTTACTGGGCATCTCTTTCTTTGCCCTGCCTGCCGGCATCCTAGGCTCCGGCTTTGCCCTGAAGGTCCAGGAGCAGCACCGGCAGAAGCACTTCGAGAAGCGGAGGATGCCGGCAGCCAACCTCATCCAGGCTGCCTGGCGCCTGTACTCCACCGATATGAGCCGGGCCTACCTGACAGCCACCTGGTACTACTATGACAGTATCCTCCCATCCTTCAGAGAGCTGGCCCTCTTGTTTGAGCACGTGCAACGGGCCCGCAATGGGGGCCTACGGCCCCTGGAGGTGCGGCGGGCGCCGGTACCCGACGGAGCACCCTCCCGTTACCCGCCCGTTGCCACCTGCCACCGGCCGGGCAGCACCTCCTTCTGCCCTGGGGAAAGCAGCCGGATGGGCATCAAAGACCGCATCCGCATGGGCAGCTCCCAGCGGCGGACGGGTCCTTCCAAGCAGCATCTGGCACCTCCAACAATGCCCACCTCCCCAAGCAGCGAGCAGGTGGGTGAGGCCACCAGCCCCACCAAGGTGCAAAAGAGCTGGAGCTTCAATGACCGCACCCGCTTCCGGGCATCTCTGAGACTCAAACCCCGCACCTCTGCTGAGGATGCCCCCTCAGAGGAAGTAGCAGAGGAGAAGAGCTACCAGTGTGAGCTCACGGTGGACGACATCATGCCTGCTGTGAAGACAGTCATCCGCTCCATCAGGATTCTCAAGTTCCTGGTGGCCAAAAGGAAATTCAAGGAGACACTGCGACCGTACGACGTGAAGGACGTCATTGAGCAGTACTCAGCAGGCCACCTGGACATGCTGGGCCGGATCAAGAGCCTGCAAACTCGGGTGGACCAAATTGTGGGTCGGGGGCCCGGGGACAGGAAGGCCCGGGAGAAGGGCGACAAGGGGCCCTCCGACGCGGAGGTGGTGGATGAAATCAGCATGATGGGACGCGTGGTCAAGGTGGAGAAGCAGGTGCAGTCCATCGAGCACAAGCTGGACCTGCTGTTGGGCTTCTATTCGCGCTGCCTGCGCTCTGGCACCTCGGCCAGCCTGGGCGCCGTGCAAGTGCCGCTGTTCGACCCCGACATCACCTCCGACTACCACAGCCCTGTGGACCACGAGGACATCTCCGTCTCCGCACAGACGCTCAGCATCTCCCGCTCGGTCAGCACCAACATGGACTGAGGGACTTCTCAGAGGCAGGGCAGCACACGGCCAGCCCCGCGGCCTGGCGCTCCGACTGCCCTCTGAGGCCTCCGGACTCCTCTCGTACTTGAACTCACTCCCTCACGGGGAGAGAGACCACACGCAGTATTGAGCTGCCTGAGTGGGCGTGGTACCTGCTGTGGGTGCCAGCGCCCCTTCCCCACCTCAGGAGCGTGAGATGCCAGGTCGCACAGAGGGCAGCAGCAGCGGCCGTCCCGCGGCCTCTGGGCCCCCCAGTGCCCTGCCCACTCCATCAAGGCCCTATGTGGCCCACCTGGCAGGGGCACAGCCCCGGGAGTGGGAGCGGGCGCTGGGGCCCTGGGCCCTGACCCAGCTTCCAGCTATGCAAGGTGAGGTCTCTGGCCCACCCTTCGGACACAGCAGGGAAGCCCTCCCGCCAAGTCCCCGCCCCACTTGGGGGTGGGCCAAGGTGCCCCCACAGGTACCCACAAAGCACAGGACCCTGCCACAAGGCAGGTGGACACCATATATGCAAACCATGT,2,5,3,0
12,30,KCNQ4,NM_004700,c.229_230insT,sens, ATGCGTCTCTGAGCGCCCCGAGCGCGCCCCCGCCCCGGACCGTGCCCGGGCCCCGGCGCCCCCAGCCCGGCGCCGCCCATGGCCGAGGCCCCCCCGCGCCGCCTCGGCCTGGGTCCCCCGCCCGGGGACGCCCCCCGCGCGGAGCTAGTGGCGCTCACGGCCGTGCAGAGCGAACAGGGCGAGGCGGGCGGGGGCGGCTCCCCGCGCCGCCTCGGCCTCCTGGGCAGCCCCCTGCCGCCGGGCGCGCCCCTCCCTGGGCCGGGCTCCGGCTCGGGCTCCGCCTGCGGCCAGCGCTCCTCGGCCGCGCTACAAGCGCTACCGCCGCCTGCAGAACTGGGTCTACAACGTGCTGGAGCGGCCCCGCGGCTGGGCCTTCGTCTACCACGTCTTCATATTTTTGCTGGTCTTCAGCTGCCTGGTGCTGTCTGTGCTGTCCACTATCCAGGAGCACCAGGAACTTGCCAACGAGTGTCTCCTCATCTTGGAATTCGTGATGATCGTGGTTTTCGGCTTGGAGTACATCGTCCGGGTCTGGTCCGCCGGATGCTGCTGCCGCTACCGAGGATGGCAGGGTCGCTTCCGCTTTGCCAGAAAGCCCTTCTGTGTCATCGACTTCATCGTGTTCGTGGCCTCGGTGGCCGTCATCGCCGCGGGTACCCAGGGCAACATCTTCGCCACGTCCGCGCTGCGCAGCATGCGCTTCCTGCAGATCCTGCGCATGGTGCGCATGGACCGCCGCGGCGGCACCTGGAAGCTGCTGGGCTCAGTGGTCTACGCGCATAGCAAGGAGCTGATCACCGCCTGGTACATCGGGTTCCTGGTGCTCATCTTCGCCTCCTTCCTGGTCTACCTGGCTGAGAAGGACGCCAACTCCGACTTCTCCTCCTACGCCGACTCGCTCTGGTGGGGGACGATTACATTGACAACCATCGGCTATGGTGACAAGACACCGCACACATGGCTGGGCAGGGTCCTGGCTGCTGGCTTCGCCTTACTGGGCATCTCTTTCTTTGCCCTGCCTGCCGGCATCCTAGGCTCCGGCTTTGCCCTGAAGGTCCAGGAGCAGCACCGGCAGAAGCACTTCGAGAAGCGGAGGATGCCGGCAGCCAACCTCATCCAGGCTGCCTGGCGCCTGTACTCCACCGATATGAGCCGGGCCTACCTGACAGCCACCTGGTACTACTATGACAGTATCCTCCCATCCTTCAGAGAGCTGGCCCTCTTGTTTGAGCACGTGCAACGGGCCCGCAATGGGGGCCTACGGCCCCTGGAGGTGCGGCGGGCGCCGGTACCCGACGGAGCACCCTCCCGTTACCCGCCCGTTGCCACCTGCCACCGGCCGGGCAGCACCTCCTTCTGCCCTGGGGAAAGCAGCCGGATGGGCATCAAAGACCGCATCCGCATGGGCAGCTCCCAGCGGCGGACGGGTCCTTCCAAGCAGCATCTGGCACCTCCAACAATGCCCACCTCCCCAAGCAGCGAGCAGGTGGGTGAGGCCACCAGCCCCACCAAGGTGCAAAAGAGCTGGAGCTTCAATGACCGCACCCGCTTCCGGGCATCTCTGAGACTCAAACCCCGCACCTCTGCTGAGGATGCCCCCTCAGAGGAAGTAGCAGAGGAGAAGAGCTACCAGTGTGAGCTCACGGTGGACGACATCATGCCTGCTGTGAAGACAGTCATCCGCTCCATCAGGATTCTCAAGTTCCTGGTGGCCAAAAGGAAATTCAAGGAGACACTGCGACCGTACGACGTGAAGGACGTCATTGAGCAGTACTCAGCAGGCCACCTGGACATGCTGGGCCGGATCAAGAGCCTGCAAACTCGGGTGGACCAAATTGTGGGTCGGGGGCCCGGGGACAGGAAGGCCCGGGAGAAGGGCGACAAGGGGCCCTCCGACGCGGAGGTGGTGGATGAAATCAGCATGATGGGACGCGTGGTCAAGGTGGAGAAGCAGGTGCAGTCCATCGAGCACAAGCTGGACCTGCTGTTGGGCTTCTATTCGCGCTGCCTGCGCTCTGGCACCTCGGCCAGCCTGGGCGCCGTGCAAGTGCCGCTGTTCGACCCCGACATCACCTCCGACTACCACAGCCCTGTGGACCACGAGGACATCTCCGTCTCCGCACAGACGCTCAGCATCTCCCGCTCGGTCAGCACCAACATGGACTGAGGGACTTCTCAGAGGCAGGGCAGCACACGGCCAGCCCCGCGGCCTGGCGCTCCGACTGCCCTCTGAGGCCTCCGGACTCCTCTCGTACTTGAACTCACTCCCTCACGGGGAGAGAGACCACACGCAGTATTGAGCTGCCTGAGTGGGCGTGGTACCTGCTGTGGGTGCCAGCGCCCCTTCCCCACCTCAGGAGCGTGAGATGCCAGGTCGCACAGAGGGCAGCAGCAGCGGCCGTCCCGCGGCCTCTGGGCCCCCCAGTGCCCTGCCCACTCCATCAAGGCCCTATGTGGCCCACCTGGCAGGGGCACAGCCCCGGGAGTGGGAGCGGGCGCTGGGGCCCTGGGCCCTGACCCAGCTTCCAGCTATGCAAGGTGAGGTCTCTGGCCCACCCTTCGGACACAGCAGGGAAGCCCTCCCGCCAAGTCCCCGCCCCACTTGGGGGTGGGCCAAGGTGCCCCCACAGGTACCCACAAAGCACAGGACCCTGCCACAAGGCAGGTGGACACCATATATGCAAACCATGT,2,5,3,0
13,38,KCNQ4,NM_004700,c.827dupG,sens,ATGCGTCTCTGAGCGCCCCGAGCGCGCCCCCGCCCCGGACCGTGCCCGGGCCCCGGCGCCCCCAGCCCGGCGCCGCCCATGGCCGAGGCCCCCCCGCGCCGCCTCGGCCTGGGTCCCCCGCCCGGGGACGCCCCCCGCGCGGAGCTAGTGGCGCTCACGGCCGTGCAGAGCGAACAGGGCGAGGCGGGCGGGGGCGGCTCCCCGCGCCGCCTCGGCCTCCTGGGCAGCCCCCTGCCGCCGGGCGCGCCCCTCCCTGGGCCGGGCTCCGGCTCGGGCTCCGCCTGCGGCCAGCGCTCCTCGGCCGCGCACAAGCGCTACCGCCGCCTGCAGAACTGGGTCTACAACGTGCTGGAGCGGCCCCGCGGCTGGGCCTTCGTCTACCACGTCTTCATATTTTTGCTGGTCTTCAGCTGCCTGGTGCTGTCTGTGCTGTCCACTATCCAGGAGCACCAGGAACTTGCCAACGAGTGTCTCCTCATCTTGGAATTCGTGATGATCGTGGTTTTCGGCTTGGAGTACATCGTCCGGGTCTGGTCCGCCGGATGCTGCTGCCGCTACCGAGGATGGCAGGGTCGCTTCCGCTTTGCCAGAAAGCCCTTCTGTGTCATCGACTTCATCGTGTTCGTGGCCTCGGTGGCCGTCATCGCCGCGGGTACCCAGGGCAACATCTTCGCCACGTCCGCGCTGCGCAGCATGCGCTTCCTGCAGATCCTGCGCATGGTGCGCATGGACCGCCGCGGCGGCACCTGGAAGCTGCTGGGCTCAGTGGTCTACGCGCATAGCAAGGAGCTGATCACCGCCTGGTACATCGGGTTCCTGGTGCTCATCTTCGCCTCCTTCCTGGTCTACCTGGCTGAGAAGGACGCCAACTCCGACTTCTCCTCCTACGCCGACTCGCTCTGGTGGGGGGACGATTACATTGACAACCATCGGCTATGGTGACAAGACACCGCACACATGGCTGGGCAGGGTCCTGGCTGCTGGCTTCGCCTTACTGGGCATCTCTTTCTTTGCCCTGCCTGCCGGCATCCTAGGCTCCGGCTTTGCCCTGAAGGTCCAGGAGCAGCACCGGCAGAAGCACTTCGAGAAGCGGAGGATGCCGGCAGCCAACCTCATCCAGGCTGCCTGGCGCCTGTACTCCACCGATATGAGCCGGGCCTACCTGACAGCCACCTGGTACTACTATGACAGTATCCTCCCATCCTTCAGAGAGCTGGCCCTCTTGTTTGAGCACGTGCAACGGGCCCGCAATGGGGGCCTACGGCCCCTGGAGGTGCGGCGGGCGCCGGTACCCGACGGAGCACCCTCCCGTTACCCGCCCGTTGCCACCTGCCACCGGCCGGGCAGCACCTCCTTCTGCCCTGGGGAAAGCAGCCGGATGGGCATCAAAGACCGCATCCGCATGGGCAGCTCCCAGCGGCGGACGGGTCCTTCCAAGCAGCATCTGGCACCTCCAACAATGCCCACCTCCCCAAGCAGCGAGCAGGTGGGTGAGGCCACCAGCCCCACCAAGGTGCAAAAGAGCTGGAGCTTCAATGACCGCACCCGCTTCCGGGCATCTCTGAGACTCAAACCCCGCACCTCTGCTGAGGATGCCCCCTCAGAGGAAGTAGCAGAGGAGAAGAGCTACCAGTGTGAGCTCACGGTGGACGACATCATGCCTGCTGTGAAGACAGTCATCCGCTCCATCAGGATTCTCAAGTTCCTGGTGGCCAAAAGGAAATTCAAGGAGACACTGCGACCGTACGACGTGAAGGACGTCATTGAGCAGTACTCAGCAGGCCACCTGGACATGCTGGGCCGGATCAAGAGCCTGCAAACTCGGGTGGACCAAATTGTGGGTCGGGGGCCCGGGGACAGGAAGGCCCGGGAGAAGGGCGACAAGGGGCCCTCCGACGCGGAGGTGGTGGATGAAATCAGCATGATGGGACGCGTGGTCAAGGTGGAGAAGCAGGTGCAGTCCATCGAGCACAAGCTGGACCTGCTGTTGGGCTTCTATTCGCGCTGCCTGCGCTCTGGCACCTCGGCCAGCCTGGGCGCCGTGCAAGTGCCGCTGTTCGACCCCGACATCACCTCCGACTACCACAGCCCTGTGGACCACGAGGACATCTCCGTCTCCGCACAGACGCTCAGCATCTCCCGCTCGGTCAGCACCAACATGGACTGAGGGACTTCTCAGAGGCAGGGCAGCACACGGCCAGCCCCGCGGCCTGGCGCTCCGACTGCCCTCTGAGGCCTCCGGACTCCTCTCGTACTTGAACTCACTCCCTCACGGGGAGAGAGACCACACGCAGTATTGAGCTGCCTGAGTGGGCGTGGTACCTGCTGTGGGTGCCAGCGCCCCTTCCCCACCTCAGGAGCGTGAGATGCCAGGTCGCACAGAGGGCAGCAGCAGCGGCCGTCCCGCGGCCTCTGGGCCCCCCAGTGCCCTGCCCACTCCATCAAGGCCCTATGTGGCCCACCTGGCAGGGGCACAGCCCCGGGAGTGGGAGCGGGCGCTGGGGCCCTGGGCCCTGACCCAGCTTCCAGCTATGCAAGGTGAGGTCTCTGGCCCACCCTTCGGACACAGCAGGGAAGCCCTCCCGCCAAGTCCCCGCCCCACTTGGGGGTGGGCCAAGGTGCCCCCACAGGTACCCACAAAGCACAGGACCCTGCCACAAGGCAGGTGGACACCATATATGCAAACCATGT,1,5,3,0
14,39,KCNQ4,NM_004700,c.827dupG,sens, ATGCGTCTCTGAGCGCCCCGAGCGCGCCCCCGCCCCGGACCGTGCCCGGGCCCCGGCGCCCCCAGCCCGGCGCCGCCCATGGCCGAGGCCCCCCCGCGCCGCCTCGGCCTGGGTCCCCCGCCCGGGGACGCCCCCCGCGCGGAGCTAGTGGCGCTCACGGCCGTGCAGAGCGAACAGGGCGAGGCGGGCGGGGGCGGCTCCCCGCGCCGCCTCGGCCTCCTGGGCAGCCCCCTGCCGCCGGGCGCGCCCCTCCCTGGGCCGGGCTCCGGCTCGGGCTCCGCCTGCGGCCAGCGCTCCTCGGCCGCGCACAAGCGCTACCGCCGCCTGCAGAACTGGGTCTACAACGTGCTGGAGCGGCCCCGCGGCTGGGCCTTCGTCTACCACGTCTTCATATTTTTGCTGGTCTTCAGCTGCCTGGTGCTGTCTGTGCTGTCCACTATCCAGGAGCACCAGGAACTTGCCAACGAGTGTCTCCTCATCTTGGAATTCGTGATGATCGTGGTTTTCGGCTTGGAGTACATCGTCCGGGTCTGGTCCGCCGGATGCTGCTGCCGCTACCGAGGATGGCAGGGTCGCTTCCGCTTTGCCAGAAAGCCCTTCTGTGTCATCGACTTCATCGTGTTCGTGGCCTCGGTGGCCGTCATCGCCGCGGGTACCCAGGGCAACATCTTCGCCACGTCCGCGCTGCGCAGCATGCGCTTCCTGCAGATCCTGCGCATGGTGCGCATGGACCGCCGCGGCGGCACCTGGAAGCTGCTGGGCTCAGTGGTCTACGCGCATAGCAAGGAGCTGATCACCGCCTGGTACATCGGGTTCCTGGTGCTCATCTTCGCCTCCTTCCTGGTCTACCTGGCTGAGAAGGACGCCAACTCCGACTTCTCCTCCTACGCCGACTCGCTCTGGTGGGGGGACGATTACATTGACAACCATCGGCTATGGTGACAAGACACCGCACACATGGCTGGGCAGGGTCCTGGCTGCTGGCTTCGCCTTACTGGGCATCTCTTTCTTTGCCCTGCCTGCCGGCATCCTAGGCTCCGGCTTTGCCCTGAAGGTCCAGGAGCAGCACCGGCAGAAGCACTTCGAGAAGCGGAGGATGCCGGCAGCCAACCTCATCCAGGCTGCCTGGCGCCTGTACTCCACCGATATGAGCCGGGCCTACCTGACAGCCACCTGGTACTACTATGACAGTATCCTCCCATCCTTCAGAGAGCTGGCCCTCTTGTTTGAGCACGTGCAACGGGCCCGCAATGGGGGCCTACGGCCCCTGGAGGTGCGGCGGGCGCCGGTACCCGACGGAGCACCCTCCCGTTACCCGCCCGTTGCCACCTGCCACCGGCCGGGCAGCACCTCCTTCTGCCCTGGGGAAAGCAGCCGGATGGGCATCAAAGACCGCATCCGCATGGGCAGCTCCCAGCGGCGGACGGGTCCTTCCAAGCAGCATCTGGCACCTCCAACAATGCCCACCTCCCCAAGCAGCGAGCAGGTGGGTGAGGCCACCAGCCCCACCAAGGTGCAAAAGAGCTGGAGCTTCAATGACCGCACCCGCTTCCGGGCATCTCTGAGACTCAAACCCCGCACCTCTGCTGAGGATGCCCCCTCAGAGGAAGTAGCAGAGGAGAAGAGCTACCAGTGTGAGCTCACGGTGGACGACATCATGCCTGCTGTGAAGACAGTCATCCGCTCCATCAGGATTCTCAAGTTCCTGGTGGCCAAAAGGAAATTCAAGGAGACACTGCGACCGTACGACGTGAAGGACGTCATTGAGCAGTACTCAGCAGGCCACCTGGACATGCTGGGCCGGATCAAGAGCCTGCAAACTCGGGTGGACCAAATTGTGGGTCGGGGGCCCGGGGACAGGAAGGCCCGGGAGAAGGGCGACAAGGGGCCCTCCGACGCGGAGGTGGTGGATGAAATCAGCATGATGGGACGCGTGGTCAAGGTGGAGAAGCAGGTGCAGTCCATCGAGCACAAGCTGGACCTGCTGTTGGGCTTCTATTCGCGCTGCCTGCGCTCTGGCACCTCGGCCAGCCTGGGCGCCGTGCAAGTGCCGCTGTTCGACCCCGACATCACCTCCGACTACCACAGCCCTGTGGACCACGAGGACATCTCCGTCTCCGCACAGACGCTCAGCATCTCCCGCTCGGTCAGCACCAACATGGACTGAGGGACTTCTCAGAGGCAGGGCAGCACACGGCCAGCCCCGCGGCCTGGCGCTCCGACTGCCCTCTGAGGCCTCCGGACTCCTCTCGTACTTGAACTCACTCCCTCACGGGGAGAGAGACCACACGCAGTATTGAGCTGCCTGAGTGGGCGTGGTACCTGCTGTGGGTGCCAGCGCCCCTTCCCCACCTCAGGAGCGTGAGATGCCAGGTCGCACAGAGGGCAGCAGCAGCGGCCGTCCCGCGGCCTCTGGGCCCCCCAGTGCCCTGCCCACTCCATCAAGGCCCTATGTGGCCCACCTGGCAGGGGCACAGCCCCGGGAGTGGGAGCGGGCGCTGGGGCCCTGGGCCCTGACCCAGCTTCCAGCTATGCAAGGTGAGGTCTCTGGCCCACCCTTCGGACACAGCAGGGAAGCCCTCCCGCCAAGTCCCCGCCCCACTTGGGGGTGGGCCAAGGTGCCCCCACAGGTACCCACAAAGCACAGGACCCTGCCACAAGGCAGGTGGACACCATATATGCAAACCATGT,2,5,-1,0
15,40,KCNQ4,NM_004700,c.827dupG,sens, ATGCGTCTCTGAGCGCCCCGAGCGCGCCCCCGCCCCGGACCGTGCCCGGGCCCCGGCGCCCCCAGCCCGGCGCCGCCCATGGCCGAGGCCCCCCCGCGCCGCCTCGGCCTGGGTCCCCCGCCCGGGGACGCCCCCCGCGCGGAGCTAGTGGCGCTCACGGCCGTGCAGAGCGAACAGGGCGAGGCGGGCGGGGGCGGCTCCCCGCGCCGCCTCGGCCTCCTGGGCAGCCCCCTGCCGCCGGGCGCGCCCCTCCCTGGGCCGGGCTCCGGCTCGGGCTCCGCCTGCGGCCAGCGCTCCTCGGCCGCGCACAAGCGCTACCGCCGCCTGCAGAACTGGGTCTACAACGTGCTGGAGCGGCCCCGCGGCTGGGCCTTCGTCTACCACGTCTTCATATTTTTGCTGGTCTTCAGCTGCCTGGTGCTGTCTGTGCTGTCCACTATCCAGGAGCACCAGGAACTTGCCAACGAGTGTCTCCTCATCTTGGAATTCGTGATGATCGTGGTTTTCGGCTTGGAGTACATCGTCCGGGTCTGGTCCGCCGGATGCTGCTGCCGCTACCGAGGATGGCAGGGTCGCTTCCGCTTTGCCAGAAAGCCCTTCTGTGTCATCGACTTCATCGTGTTCGTGGCCTCGGTGGCCGTCATCGCCGCGGGTACCCAGGGCAACATCTTCGCCACGTCCGCGCTGCGCAGCATGCGCTTCCTGCAGATCCTGCGCATGGTGCGCATGGACCGCCGCGGCGGCACCTGGAAGCTGCTGGGCTCAGTGGTCTACGCGCATAGCAAGGAGCTGATCACCGCCTGGTACATCGGGTTCCTGGTGCTCATCTTCGCCTCCTTCCTGGTCTACCTGGCTGAGAAGGACGCCAACTCCGACTTCTCCTCCTACGCCGACTCGCTCTGGTGGGGGGACGATTACATTGACAACCATCGGCTATGGTGACAAGACACCGCACACATGGCTGGGCAGGGTCCTGGCTGCTGGCTTCGCCTTACTGGGCATCTCTTTCTTTGCCCTGCCTGCCGGCATCCTAGGCTCCGGCTTTGCCCTGAAGGTCCAGGAGCAGCACCGGCAGAAGCACTTCGAGAAGCGGAGGATGCCGGCAGCCAACCTCATCCAGGCTGCCTGGCGCCTGTACTCCACCGATATGAGCCGGGCCTACCTGACAGCCACCTGGTACTACTATGACAGTATCCTCCCATCCTTCAGAGAGCTGGCCCTCTTGTTTGAGCACGTGCAACGGGCCCGCAATGGGGGCCTACGGCCCCTGGAGGTGCGGCGGGCGCCGGTACCCGACGGAGCACCCTCCCGTTACCCGCCCGTTGCCACCTGCCACCGGCCGGGCAGCACCTCCTTCTGCCCTGGGGAAAGCAGCCGGATGGGCATCAAAGACCGCATCCGCATGGGCAGCTCCCAGCGGCGGACGGGTCCTTCCAAGCAGCATCTGGCACCTCCAACAATGCCCACCTCCCCAAGCAGCGAGCAGGTGGGTGAGGCCACCAGCCCCACCAAGGTGCAAAAGAGCTGGAGCTTCAATGACCGCACCCGCTTCCGGGCATCTCTGAGACTCAAACCCCGCACCTCTGCTGAGGATGCCCCCTCAGAGGAAGTAGCAGAGGAGAAGAGCTACCAGTGTGAGCTCACGGTGGACGACATCATGCCTGCTGTGAAGACAGTCATCCGCTCCATCAGGATTCTCAAGTTCCTGGTGGCCAAAAGGAAATTCAAGGAGACACTGCGACCGTACGACGTGAAGGACGTCATTGAGCAGTACTCAGCAGGCCACCTGGACATGCTGGGCCGGATCAAGAGCCTGCAAACTCGGGTGGACCAAATTGTGGGTCGGGGGCCCGGGGACAGGAAGGCCCGGGAGAAGGGCGACAAGGGGCCCTCCGACGCGGAGGTGGTGGATGAAATCAGCATGATGGGACGCGTGGTCAAGGTGGAGAAGCAGGTGCAGTCCATCGAGCACAAGCTGGACCTGCTGTTGGGCTTCTATTCGCGCTGCCTGCGCTCTGGCACCTCGGCCAGCCTGGGCGCCGTGCAAGTGCCGCTGTTCGACCCCGACATCACCTCCGACTACCACAGCCCTGTGGACCACGAGGACATCTCCGTCTCCGCACAGACGCTCAGCATCTCCCGCTCGGTCAGCACCAACATGGACTGAGGGACTTCTCAGAGGCAGGGCAGCACACGGCCAGCCCCGCGGCCTGGCGCTCCGACTGCCCTCTGAGGCCTCCGGACTCCTCTCGTACTTGAACTCACTCCCTCACGGGGAGAGAGACCACACGCAGTATTGAGCTGCCTGAGTGGGCGTGGTACCTGCTGTGGGTGCCAGCGCCCCTTCCCCACCTCAGGAGCGTGAGATGCCAGGTCGCACAGAGGGCAGCAGCAGCGGCCGTCCCGCGGCCTCTGGGCCCCCCAGTGCCCTGCCCACTCCATCAAGGCCCTATGTGGCCCACCTGGCAGGGGCACAGCCCCGGGAGTGGGAGCGGGCGCTGGGGCCCTGGGCCCTGACCCAGCTTCCAGCTATGCAAGGTGAGGTCTCTGGCCCACCCTTCGGACACAGCAGGGAAGCCCTCCCGCCAAGTCCCCGCCCCACTTGGGGGTGGGCCAAGGTGCCCCCACAGGTACCCACAAAGCACAGGACCCTGCCACAAGGCAGGTGGACACCATATATGCAAACCATGT,2,5,3,0
16,56,KCNQ2,NM_172107,c.1273_1274del,sens,ATGCGGCTCCCGGCCGGGGGGCCTGGGCTGGGGCCCGCGCCGCCCCCCGCGCTCCGCCCCCGC,4,4,3,0
17,63,KCNQ2,NM_172107,c.1273_1274del,antisens, ATGCGGCTCCCGGCCGGGGGGCCTGGGCTGGGGCCCGCGCCGCCCCCCGCGCTCCGCCCCCGCTGAGCCTGAGCCCGACCCGGGGCGCCTCCCGCCAGGCACCATGGTGCAGAAGTCGCGCAACGGCGGCGTATACCCCGGCCCGAGCGGGGAGAAGAAGCTGAAGGTGGGCTTCGTGGGGCTGGACCCCGGCGCGCCCGACTCCACCCGGGACGGGGCGCTGCTGATCGCCGGCTCCGAGGCCCCCAAGCGCGGCAGCATCCTCAGCAAACCTCGCGCGGGCGGCGCGGGCGCCGGGAAGCCCCCCAAGCGCAACGCCTTCTACCGCAAGCTGCAGAATTTCCTCTACAACGTGCTGGAGCGGCCGCGCGGCTGGGCGTTCATCTACCACGCCTACGTGTTCCTCCTGGTTTTCTCCTGCCTCGTGCTGTCTGTGTTTTCCACCATCAAGGAGTATGAGAAGAGCTCGGAGGGGGCCCTCTACATCCTGGAAATCGTGACTATCGTGGTGTTTGGCGTGGAGTACTTCGTGCGGATCTGGGCCGCAGGCTGCTGCTGCCGGTACCGTGGCTGGAGGGGGCGGCTCAAGTTTGCCCGGAAACCGTTCTGTGTGATTGACATCATGGTGCTCATCGCCTCCATTGCGGTGCTGGCCGCCGGCTCCCAGGGCAACGTCTTTGCCACATCTGCGCTCCGGAGCCTGCGCTTCCTGCAGATTCTGCGGATGATCCGCATGGACCGGCGGGGAGGCACCTGGAAGCTGCTGGGCTCTGTGGTCTATGCCCACAGCAAGGAGCTGGTCACTGCCTGGTACATCGGCTTCCTTTGTCTCATCCTGGCCTCGTTCCTGGTGTACTTGGCAGAGAAGGGGGAGAACGACCACTTTGACACCTACGCGGATGCACTCTGGTGGGGCCTGATCACGCTGACCACCATTGGCTACGGGGACAAGTACCCCCAGACCTGGAACGGCAGGCTCCTTGCGGCAACCTTCACCCTCATCGGTGTCTCCTTCTTCGCGCTGCCTGCAGGCATCTTGGGGTCTGGGTTTGCCCTGAAGGTTCAGGAGCAGCACAGGCAGAAGCACTTTGAGAAGAGGCGGAACCCGGCAGCAGGCCTGATCCAGTCGGCCTGGAGATTCTACGCCACCAACCTCTCGCGCACAGACCTGCACTCCACGTGGCAGTACTACGAGCGAACGGTCACCGTGCCCATGTACAGTTCGCAAACTCAAACCTACGGGGCCTCCAGACTTATCCCCCCGCTGAACCAGCTGGAGCTGCTGAGGAACCTCAAGAG,4,4,3,0
18,65,KCNQ2,NM_172107,c.1273_1274del,antisens, ATGCGGCTCCCGGCCGGGGGGCCTGGGCTGGGGCCCGCGCCGCCCCCCGCGCTCCGCCCCCGCTGAGCCTGAGCCCGACCCGGGGCGCCTCCCGCCAGGCACCATGGTGCAGAAGTCGCGCAACGGCGGCGTATACCCCGGCCCGAGCGGGGAGAAGAAGCTGAAGGTGGGCTTCGTGGGGCTGGACCCCGGCGCGCCCGACTCCACCCGGGACGGGGCGCTGCTGATCGCCGGCTCCGAGGCCCCCAAGCGCGGCAGCATCCTCAGCAAACCTCGCGCGGGCGGCGCGGGCGCCGGGAAGCCCCCCAAGCGCAACGCCTTCTACCGCAAGCTGCAGAATTTCCTCTACAACGTGCTGGAGCGGCCGCGCGGCTGGGCGTTCATCTACCACGCCTACGTGTTCCTCCTGGTTTTCTCCTGCCTCGTGCTGTCTGTGTTTTCCACCATCAAGGAGTATGAGAAGAGCTCGGAGGGGGCCCTCTACATCCTGGAAATCGTGACTATCGTGGTGTTTGGCGTGGAGTACTTCGTGCGGATCTGGGCCGCAGGCTGCTGCTGCCGGTACCGTGGCTGGAGGGGGCGGCTCAAGTTTGCCCGGAAACCGTTCTGTGTGATTGACATCATGGTGCTCATCGCCTCCATTGCGGTGCTGGCCGCCGGCTCCCAGGGCAACGTCTTTGCCACATCTGCGCTCCGGAGCCTGCGCTTCCTGCAGATTCTGCGGATGATCCGCATGGACCGGCGGGGAGGCACCTGGAAGCTGCTGGGCTCTGTGGTCTATGCCCACAGCAAGGAGCTGGTCACTGCCTGGTACATCGGCTTCCTTTGTCTCATCCTGGCCTCGTTCCTGGTGTACTTGGCAGAGAAGGGGGAGAACGACCACTTTGACACCTACGCGGATGCACTCTGGTGGGGCCTGATCACGCTGACCACCATTGGCTACGGGGACAAGTACCCCCAGACCTGGAACGGCAGGCTCCTTGCGGCAACCTTCACCCTCATCGGTGTCTCCTTCTTCGCGCTGCCTGCAGGCATCTTGGGGTCTGGGTTTGCCCTGAAGGTTCAGGAGCAGCACAGGCAGAAGCACTTTGAGAAGAGGCGGAACCCGGCAGCAGGCCTGATCCAGTCGGCCTGGAGATTCTACGCCACCAACCTCTCGCGCACAGACCTGCACTCCACGTGGCAGTACTACGAGCGAACGGTCACCGTGCCCATGTACAGTTCGCAAACTCAAACCTACGGGGCCTCCAGACTTATCCCCCCGCTGAACCAGCTGGAGCTGCTGAGGAACCTCAAGAG,4,4,3,0
19,67,KCNQ2,NM_172107,c.1273_1274del,antisens, ATGCGGCTCCCGGCCGGGGGGCCTGGGCTGGGGCCCGCGCCGCCCCCCGCGCTCCGCCCCCGCTGAGCCTGAGCCCGACCCGGGGCGCCTCCCGCCAGGCACCATGGTGCAGAAGTCGCGCAACGGCGGCGTATACCCCGGCCCGAGCGGGGAGAAGAAGCTGAAGGTGGGCTTCGTGGGGCTGGACCCCGGCGCGCCCGACTCCACCCGGGACGGGGCGCTGCTGATCGCCGGCTCCGAGGCCCCCAAGCGCGGCAGCATCCTCAGCAAACCTCGCGCGGGCGGCGCGGGCGCCGGGAAGCCCCCCAAGCGCAACGCCTTCTACCGCAAGCTGCAGAATTTCCTCTACAACGTGCTGGAGCGGCCGCGCGGCTGGGCGTTCATCTACCACGCCTACGTGTTCCTCCTGGTTTTCTCCTGCCTCGTGCTGTCTGTGTTTTCCACCATCAAGGAGTATGAGAAGAGCTCGGAGGGGGCCCTCTACATCCTGGAAATCGTGACTATCGTGGTGTTTGGCGTGGAGTACTTCGTGCGGATCTGGGCCGCAGGCTGCTGCTGCCGGTACCGTGGCTGGAGGGGGCGGCTCAAGTTTGCCCGGAAACCGTTCTGTGTGATTGACATCATGGTGCTCATCGCCTCCATTGCGGTGCTGGCCGCCGGCTCCCAGGGCAACGTCTTTGCCACATCTGCGCTCCGGAGCCTGCGCTTCCTGCAGATTCTGCGGATGATCCGCATGGACCGGCGGGGAGGCACCTGGAAGCTGCTGGGCTCTGTGGTCTATGCCCACAGCAAGGAGCTGGTCACTGCCTGGTACATCGGCTTCCTTTGTCTCATCCTGGCCTCGTTCCTGGTGTACTTGGCAGAGAAGGGGGAGAACGACCACTTTGACACCTACGCGGATGCACTCTGGTGGGGCCTGATCACGCTGACCACCATTGGCTACGGGGACAAGTACCCCCAGACCTGGAACGGCAGGCTCCTTGCGGCAACCTTCACCCTCATCGGTGTCTCCTTCTTCGCGCTGCCTGCAGGCATCTTGGGGTCTGGGTTTGCCCTGAAGGTTCAGGAGCAGCACAGGCAGAAGCACTTTGAGAAGAGGCGGAACCCGGCAGCAGGCCTGATCCAGTCGGCCTGGAGATTCTACGCCACCAACCTCTCGCGCACAGACCTGCACTCCACGTGGCAGTACTACGAGCGAACGGTCACCGTGCCCATGTACAGTTCGCAAACTCAAACCTACGGGGCCTCCAGACTTATCCCCCCGCTGAACCAGCTGGAGCTGCTGAGGAACCTCAAGAG,4,4,-1,0
20,68,KCNQ2,NM_172106,c.1229delC,sens,ATGCGGCTCCCGGCCGGGGGGCCTGGGCTGGGGCCCGCGCCGCCCCCCGCGCTCCGCCCCCGC,4,4,-1,0
21,75,KCNQ2,NM_172106,c.1229delC,antisens, ATGCGGCTCCCGGCCGGGGGGCCTGGGCTGGGGCCCGCGCCGCCCCCCGCGCTCCGCCCCCGCTGAGCCTGAGCCCGACCCGGGGCGCCTCCCGCCAGGCACCATGGTGCAGAAGTCGCGCAACGGCGGCGTATACCCCGGCCCGAGCGGGGAGAAGAAGCTGAAGGTGGGCTTCGTGGGGCTGGACCCCGGCGCGCCCGACTCCACCCGGGACGGGGCGCTGCTGATCGCCGGCTCCGAGGCCCCCAAGCGCGGCAGCATCCTCAGCAAACCTCGCGCGGGCGGCGCGGGCGCCGGGAAGCCCCCCAAGCGCAACGCCTTCTACCGCAAGCTGCAGAATTTCCTCTACAACGTGCTGGAGCGGCCGCGCGGCTGGGCGTTCATCTACCACGCCTACGTGTTCCTCCTGGTTTTCTCCTGCCTCGTGCTGTCTGTGTTTTCCACCATCAAGGAGTATGAGAAGAGCTCGGAGGGGGCCCTCTACATCCTGGAAATCGTGACTATCGTGGTGTTTGGCGTGGAGTACTTCGTGCGGATCTGGGCCGCAGGCTGCTGCTGCCGGTACCGTGGCTGGAGGGGGCGGCTCAAGTTTGCCCGGAAACCGTTCTGTGTGATTGACATCATGGTGCTCATCGCCTCCATTGCGGTGCTGGCCGCCGGCTCCCAGGGCAACGTCTTTGCCACATCTGCGCTCCGGAGCCTGCGCTTCCTGCAGATTCTGCGGATGATCCGCATGGACCGGCGGGGAGGCACCTGGAAGCTGCTGGGCTCTGTGGTCTATGCCCACAGCAAGGAGCTGGTCACTGCCTGGTACATCGGCTTCCTTTGTCTCATCCTGGCCTCGTTCCTGGTGTACTTGGCAGAGAAGGGGGAGAACGACCACTTTGACACCTACGCGGATGCACTCTGGTGGGGCCTGATCACGCTGACCACCATTGGCTACGGGGACAAGTACCCCCAGACCTGGAACGGCAGGCTCCTTGCGGCAACCTTCACCCTCATCGGTGTCTCCTTCTTCGCGCTGCCTGCAGGCATCTTGGGGTCTGGGTTTGCCCTGAAGGTTCAGGAGCAGCACAGGCAGAAGCACTTTGAGAAGAGGCGGAACCCGGCAGCAGGCCTGATCCAGTCGGCCTGGAGATTCTACGCCACCAACCTCTCGCGCACAGACCTGCACTCCACGTGGCAGTACTACGAGCGAACGGTCACCGTGCCCATGTACAGTTCGCAAACTCAAACCTACGGGGCCTCCAGACTTATCCCCCCGCTGAACCAGCTGGAGCTGCTGAGGAACCTCAAGAG,4,4,-1,0
22,77,KCNQ2,NM_172106,c.1229delC,antisens, ATGCGGCTCCCGGCCGGGGGGCCTGGGCTGGGGCCCGCGCCGCCCCCCGCGCTCCGCCCCCGCTGAGCCTGAGCCCGACCCGGGGCGCCTCCCGCCAGGCACCATGGTGCAGAAGTCGCGCAACGGCGGCGTATACCCCGGCCCGAGCGGGGAGAAGAAGCTGAAGGTGGGCTTCGTGGGGCTGGACCCCGGCGCGCCCGACTCCACCCGGGACGGGGCGCTGCTGATCGCCGGCTCCGAGGCCCCCAAGCGCGGCAGCATCCTCAGCAAACCTCGCGCGGGCGGCGCGGGCGCCGGGAAGCCCCCCAAGCGCAACGCCTTCTACCGCAAGCTGCAGAATTTCCTCTACAACGTGCTGGAGCGGCCGCGCGGCTGGGCGTTCATCTACCACGCCTACGTGTTCCTCCTGGTTTTCTCCTGCCTCGTGCTGTCTGTGTTTTCCACCATCAAGGAGTATGAGAAGAGCTCGGAGGGGGCCCTCTACATCCTGGAAATCGTGACTATCGTGGTGTTTGGCGTGGAGTACTTCGTGCGGATCTGGGCCGCAGGCTGCTGCTGCCGGTACCGTGGCTGGAGGGGGCGGCTCAAGTTTGCCCGGAAACCGTTCTGTGTGATTGACATCATGGTGCTCATCGCCTCCATTGCGGTGCTGGCCGCCGGCTCCCAGGGCAACGTCTTTGCCACATCTGCGCTCCGGAGCCTGCGCTTCCTGCAGATTCTGCGGATGATCCGCATGGACCGGCGGGGAGGCACCTGGAAGCTGCTGGGCTCTGTGGTCTATGCCCACAGCAAGGAGCTGGTCACTGCCTGGTACATCGGCTTCCTTTGTCTCATCCTGGCCTCGTTCCTGGTGTACTTGGCAGAGAAGGGGGAGAACGACCACTTTGACACCTACGCGGATGCACTCTGGTGGGGCCTGATCACGCTGACCACCATTGGCTACGGGGACAAGTACCCCCAGACCTGGAACGGCAGGCTCCTTGCGGCAACCTTCACCCTCATCGGTGTCTCCTTCTTCGCGCTGCCTGCAGGCATCTTGGGGTCTGGGTTTGCCCTGAAGGTTCAGGAGCAGCACAGGCAGAAGCACTTTGAGAAGAGGCGGAACCCGGCAGCAGGCCTGATCCAGTCGGCCTGGAGATTCTACGCCACCAACCTCTCGCGCACAGACCTGCACTCCACGTGGCAGTACTACGAGCGAACGGTCACCGTGCCCATGTACAGTTCGCAAACTCAAACCTACGGGGCCTCCAGACTTATCCCCCCGCTGAACCAGCTGGAGCTGCTGAGGAACCTCAAGAG,4,4,-1,0
23,79,KCNQ2,NM_172106,c.1229delC,antisens, ATGCGGCTCCCGGCCGGGGGGCCTGGGCTGGGGCCCGCGCCGCCCCCCGCGCTCCGCCCCCGCTGAGCCTGAGCCCGACCCGGGGCGCCTCCCGCCAGGCACCATGGTGCAGAAGTCGCGCAACGGCGGCGTATACCCCGGCCCGAGCGGGGAGAAGAAGCTGAAGGTGGGCTTCGTGGGGCTGGACCCCGGCGCGCCCGACTCCACCCGGGACGGGGCGCTGCTGATCGCCGGCTCCGAGGCCCCCAAGCGCGGCAGCATCCTCAGCAAACCTCGCGCGGGCGGCGCGGGCGCCGGGAAGCCCCCCAAGCGCAACGCCTTCTACCGCAAGCTGCAGAATTTCCTCTACAACGTGCTGGAGCGGCCGCGCGGCTGGGCGTTCATCTACCACGCCTACGTGTTCCTCCTGGTTTTCTCCTGCCTCGTGCTGTCTGTGTTTTCCACCATCAAGGAGTATGAGAAGAGCTCGGAGGGGGCCCTCTACATCCTGGAAATCGTGACTATCGTGGTGTTTGGCGTGGAGTACTTCGTGCGGATCTGGGCCGCAGGCTGCTGCTGCCGGTACCGTGGCTGGAGGGGGCGGCTCAAGTTTGCCCGGAAACCGTTCTGTGTGATTGACATCATGGTGCTCATCGCCTCCATTGCGGTGCTGGCCGCCGGCTCCCAGGGCAACGTCTTTGCCACATCTGCGCTCCGGAGCCTGCGCTTCCTGCAGATTCTGCGGATGATCCGCATGGACCGGCGGGGAGGCACCTGGAAGCTGCTGGGCTCTGTGGTCTATGCCCACAGCAAGGAGCTGGTCACTGCCTGGTACATCGGCTTCCTTTGTCTCATCCTGGCCTCGTTCCTGGTGTACTTGGCAGAGAAGGGGGAGAACGACCACTTTGACACCTACGCGGATGCACTCTGGTGGGGCCTGATCACGCTGACCACCATTGGCTACGGGGACAAGTACCCCCAGACCTGGAACGGCAGGCTCCTTGCGGCAACCTTCACCCTCATCGGTGTCTCCTTCTTCGCGCTGCCTGCAGGCATCTTGGGGTCTGGGTTTGCCCTGAAGGTTCAGGAGCAGCACAGGCAGAAGCACTTTGAGAAGAGGCGGAACCCGGCAGCAGGCCTGATCCAGTCGGCCTGGAGATTCTACGCCACCAACCTCTCGCGCACAGACCTGCACTCCACGTGGCAGTACTACGAGCGAACGGTCACCGTGCCCATGTACAGTTCGCAAACTCAAACCTACGGGGCCTCCAGACTTATCCCCCCGCTGAACCAGCTGGAGCTGCTGAGGAACCTCAAGAG,4,4,-1,0
24,80,KCNQ2,NM_172106,c.1160dupC,sens,ATGCGGCTCCCGGCCGGGGGGCCTGGGCTGGGGCCCGCGCCGCCCCCCGCGCTCCGCCCCCGC,4,4,-1,0
25,87,KCNQ2,NM_172106,c.1160dupC,antisens, ATGCGGCTCCCGGCCGGGGGGCCTGGGCTGGGGCCCGCGCCGCCCCCCGCGCTCCGCCCCCGCTGAGCCTGAGCCCGACCCGGGGCGCCTCCCGCCAGGCACCATGGTGCAGAAGTCGCGCAACGGCGGCGTATACCCCGGCCCGAGCGGGGAGAAGAAGCTGAAGGTGGGCTTCGTGGGGCTGGACCCCGGCGCGCCCGACTCCACCCGGGACGGGGCGCTGCTGATCGCCGGCTCCGAGGCCCCCAAGCGCGGCAGCATCCTCAGCAAACCTCGCGCGGGCGGCGCGGGCGCCGGGAAGCCCCCCAAGCGCAACGCCTTCTACCGCAAGCTGCAGAATTTCCTCTACAACGTGCTGGAGCGGCCGCGCGGCTGGGCGTTCATCTACCACGCCTACGTGTTCCTCCTGGTTTTCTCCTGCCTCGTGCTGTCTGTGTTTTCCACCATCAAGGAGTATGAGAAGAGCTCGGAGGGGGCCCTCTACATCCTGGAAATCGTGACTATCGTGGTGTTTGGCGTGGAGTACTTCGTGCGGATCTGGGCCGCAGGCTGCTGCTGCCGGTACCGTGGCTGGAGGGGGCGGCTCAAGTTTGCCCGGAAACCGTTCTGTGTGATTGACATCATGGTGCTCATCGCCTCCATTGCGGTGCTGGCCGCCGGCTCCCAGGGCAACGTCTTTGCCACATCTGCGCTCCGGAGCCTGCGCTTCCTGCAGATTCTGCGGATGATCCGCATGGACCGGCGGGGAGGCACCTGGAAGCTGCTGGGCTCTGTGGTCTATGCCCACAGCAAGGAGCTGGTCACTGCCTGGTACATCGGCTTCCTTTGTCTCATCCTGGCCTCGTTCCTGGTGTACTTGGCAGAGAAGGGGGAGAACGACCACTTTGACACCTACGCGGATGCACTCTGGTGGGGCCTGATCACGCTGACCACCATTGGCTACGGGGACAAGTACCCCCAGACCTGGAACGGCAGGCTCCTTGCGGCAACCTTCACCCTCATCGGTGTCTCCTTCTTCGCGCTGCCTGCAGGCATCTTGGGGTCTGGGTTTGCCCTGAAGGTTCAGGAGCAGCACAGGCAGAAGCACTTTGAGAAGAGGCGGAACCCGGCAGCAGGCCTGATCCAGTCGGCCTGGAGATTCTACGCCACCAACCTCTCGCGCACAGACCTGCACTCCACGTGGCAGTACTACGAGCGAACGGTCACCGTGCCCATGTACAGTTCGCAAACTCAAACCTACGGGGCCTCCAGACTTATCCCCCCCGCTGAACCAGCTGGAGCTGCTGAGGAACCTCAAGAGTAAATCTGGACTCGCTTTCAGGAAGGACCCCCCGCCGGAGCCGTCTCCAAGCCAGAAGGTCAGTTTGAAAGATCGTGTCTTCTCCAGCCCCCGAGGCGTGGCTGCCAAGGGGAAGGGGTCCCCGCAGGCCCAGACTGTGAGGCGGTCACCCAGCGCCGACCAGAGCCTCGAGGACAGCCCCAGCAAGGTGCCCAAGAGCTGGAGCTTCGGGGACCGCAGCCGGGCACGCCAGGCTTTCCGCATCAAGGGTGCCGCGTCACGGCAGAACTCAGAAGAAGCAAGCCTCCCCGGAGAGGACATTGTGGATGACAAGAGCTGCCCCTGCGAGTTTGTGACCGAGGACCTGACCCCGGGCCTCAAAGTCAGCATCAGAGCCGTGTGTGTCATGCGGTTCCTGGTGTCCAAGCGGAAGTTCAAGGAGAGCCTGCGGCCCTACGACGTGATGGACGTCATCGAGCAGTACTCAGCCGGCCACCTGGACATGCTGTCCCGAATTAAGAGCCTGCAGTCCAGAGTGGACCAGATCGTGGGGCGGGGCCCAGCGATCACGGACAAGGACCGCACCAAGGGCCCGGCCGAGGCGGAGCTGCCCGAGGACCCCAGCATGATGGGACGGCTCGGGAAGGTGGAGAAGCAGGTCTTGTCCATGGAGAAGAAGCTGGACTTCCTGGTGAATATCTACATGCAGCGGATGGGCATCCCCCCGACAGAGACCGAGGCCTACTTTGGGGCCAAAGAGCCGGAGCCGGCGCCGCCGTACCACAGCCCGGAAGACAGCCGGGAGCATGTCGACAGGCACGGCTGCATTGTCAAGATCGTGCGCTCCAGCAGCTCCACGGGCCAGAAGAACTTCTCGGCGCCCCCGGCCGCGCCCCCTGTCCAGTGTCCGCCCTCCACCTCCTGGCAGCCACAGAGCCACCCGCGCCAGGGCCACGGCACCTCCCCCGTGGGGGACCACGGCTCCCTGGTGCGCATCCCGCCGCCGCCTGCCCACGAGCGGTCGCTGTCCGCCTACGGCGGGGGCAACCGCGCCAGCATGGAGTTCCTGCGGCAGGAGGACACCCCGGGCTGCAGGCCCCCCGAGGGGAACCTGCGGGACAGCGACACGTCCATCTCCATCCCGTCCGTGGACCACGAGGAGCTGGAGCGTTCCTTCAGCGGCTTCAGCATCTCCCAGTCCAAGGAGAACCTGGATGCTCTCAACAGCTGCTACGCGGCCGTGGCGCCTTGTGCCAAAGTCAGGCCCTACATTGCGGAGGGAGAGTCAGACACCGACTCCGACCTCTGTACCCCGTGCGGGCCCCCGCCACGCTCGGCCACCGGCGAGGGTCCCTTTGGTGACGTGGGCTGGGCCGGGCCCAGGAAGTGAGGCGGCGCTGGGCCAGTGGACCCGCCCGCGGCCCTCCTCAGCACGGTGCCTCCGAGGTTTTGAGGCGGGAACCCTCTGGGGCCCTTTTCTTACAGTAACTGAGTGTGGCGGGAAGGGTGGGCCCTGGAGGGGCCCATGTGGGCTGAAGGATGGGGGCTCCTGGCAGTGACCTTTTACAAAAGTTATTTTCCAACAGGGGCTGGAGGGCTGGGCAGGGCCCTGTGGCTCCAGGAGCAGCGTGCAGGAGCAAGGCTGCCCTGTCCACTCTGCTCAGGGCCGCGGCCGACATCAGCCCGGTGTGAGGAGGGGCGGGAGTGATGACGGGGTGTTGCCAGCGTGGCAACAGGCGGGGGGTTGTCTCAGCCGAGCCCAGGGGAGGCACAAAGGGCAGGCCTGTTCCCTGAGGACCTGCGCAAAGGGCGGGCCTGTTTGGTGAGGACCTGCGGCCTTGGGTCCCGGTGGGGTTTCCGGGCAGCTACAGGCGGGTGTGGCCGGCCGCTGTGCGTGGCCTCTGCCTTCACACCTGACCTGCCCGGCGGGCTTTCCTGTTCCCCACCTCAGGGGCGCCCAAATACAGAGCTATTGGTTGGCGTCTTCTCCCTGTACCTTCTGGGATCTGAGGGCTCTTTCCATGGAAGCCAGCCCCGAGGTGGAGACCTTCGCCTGCAGCCGAGGAGCGGGTGGGGCCTGGGAACCAAACTGGAGCCAGAGTGGACGTCCAGCCCTCTGGTCTTGGCCTCCAGAGGGAGGGCCTGGCTCACGGTGGGGCCAGGGAGCCGGCTCCAAAGGGTCTTCAAAAAGGGGGTCCTTGGGGGCTCCAGCTGCCTCGCCCTGGCCTTTCTGTGGGTGCGTGAGAGCCAGCAGCACCCCAGCCTTGGAGACCGGGGGGGCAGGACCCCAAGTCCTCCCCTCTCTCCTGACTGCCCTGGCCGGGTGCCGGCACTGCGAGACCCACCTGGTGAGCAGGCCTCACAGTTCT,33,2,-1,0
26,89,KCNQ2,NM_172106,c.1160dupC,antisens, ATGCGGCTCCCGGCCGGGGGGCCTGGGCTGGGGCCCGCGCCGCCCCCCGCGCTCCGCCCCCGCTGAGCCTGAGCCCGACCCGGGGCGCCTCCCGCCAGGCACCATGGTGCAGAAGTCGCGCAACGGCGGCGTATACCCCGGCCCGAGCGGGGAGAAGAAGCTGAAGGTGGGCTTCGTGGGGCTGGACCCCGGCGCGCCCGACTCCACCCGGGACGGGGCGCTGCTGATCGCCGGCTCCGAGGCCCCCAAGCGCGGCAGCATCCTCAGCAAACCTCGCGCGGGCGGCGCGGGCGCCGGGAAGCCCCCCAAGCGCAACGCCTTCTACCGCAAGCTGCAGAATTTCCTCTACAACGTGCTGGAGCGGCCGCGCGGCTGGGCGTTCATCTACCACGCCTACGTGTTCCTCCTGGTTTTCTCCTGCCTCGTGCTGTCTGTGTTTTCCACCATCAAGGAGTATGAGAAGAGCTCGGAGGGGGCCCTCTACATCCTGGAAATCGTGACTATCGTGGTGTTTGGCGTGGAGTACTTCGTGCGGATCTGGGCCGCAGGCTGCTGCTGCCGGTACCGTGGCTGGAGGGGGCGGCTCAAGTTTGCCCGGAAACCGTTCTGTGTGATTGACATCATGGTGCTCATCGCCTCCATTGCGGTGCTGGCCGCCGGCTCCCAGGGCAACGTCTTTGCCACATCTGCGCTCCGGAGCCTGCGCTTCCTGCAGATTCTGCGGATGATCCGCATGGACCGGCGGGGAGGCACCTGGAAGCTGCTGGGCTCTGTGGTCTATGCCCACAGCAAGGAGCTGGTCACTGCCTGGTACATCGGCTTCCTTTGTCTCATCCTGGCCTCGTTCCTGGTGTACTTGGCAGAGAAGGGGGAGAACGACCACTTTGACACCTACGCGGATGCACTCTGGTGGGGCCTGATCACGCTGACCACCATTGGCTACGGGGACAAGTACCCCCAGACCTGGAACGGCAGGCTCCTTGCGGCAACCTTCACCCTCATCGGTGTCTCCTTCTTCGCGCTGCCTGCAGGCATCTTGGGGTCTGGGTTTGCCCTGAAGGTTCAGGAGCAGCACAGGCAGAAGCACTTTGAGAAGAGGCGGAACCCGGCAGCAGGCCTGATCCAGTCGGCCTGGAGATTCTACGCCACCAACCTCTCGCGCACAGACCTGCACTCCACGTGGCAGTACTACGAGCGAACGGTCACCGTGCCCATGTACAGTTCGCAAACTCAAACCTACGGGGCCTCCAGACTTATCCCCCCCGCTGAACCAGCTGGAGCTGCTGAGGAACCTCAAGAGTAAATCTGGACTCGCTTTCAGGAAGGACCCCCCGCCGGAGCCGTCTCCAAGCCAGAAGGTCAGTTTGAAAGATCGTGTCTTCTCCAGCCCCCGAGGCGTGGCTGCCAAGGGGAAGGGGTCCCCGCAGGCCCAGACTGTGAGGCGGTCACCCAGCGCCGACCAGAGCCTCGAGGACAGCCCCAGCAAGGTGCCCAAGAGCTGGAGCTTCGGGGACCGCAGCCGGGCACGCCAGGCTTTCCGCATCAAGGGTGCCGCGTCACGGCAGAACTCAGAAGAAGCAAGCCTCCCCGGAGAGGACATTGTGGATGACAAGAGCTGCCCCTGCGAGTTTGTGACCGAGGACCTGACCCCGGGCCTCAAAGTCAGCATCAGAGCCGTGTGTGTCATGCGGTTCCTGGTGTCCAAGCGGAAGTTCAAGGAGAGCCTGCGGCCCTACGACGTGATGGACGTCATCGAGCAGTACTCAGCCGGCCACCTGGACATGCTGTCCCGAATTAAGAGCCTGCAGTCCAGAGTGGACCAGATCGTGGGGCGGGGCCCAGCGATCACGGACAAGGACCGCACCAAGGGCCCGGCCGAGGCGGAGCTGCCCGAGGACCCCAGCATGATGGGACGGCTCGGGAAGGTGGAGAAGCAGGTCTTGTCCATGGAGAAGAAGCTGGACTTCCTGGTGAATATCTACATGCAGCGGATGGGCATCCCCCCGACAGAGACCGAGGCCTACTTTGGGGCCAAAGAGCCGGAGCCGGCGCCGCCGTACCACAGCCCGGAAGACAGCCGGGAGCATGTCGACAGGCACGGCTGCATTGTCAAGATCGTGCGCTCCAGCAGCTCCACGGGCCAGAAGAACTTCTCGGCGCCCCCGGCCGCGCCCCCTGTCCAGTGTCCGCCCTCCACCTCCTGGCAGCCACAGAGCCACCCGCGCCAGGGCCACGGCACCTCCCCCGTGGGGGACCACGGCTCCCTGGTGCGCATCCCGCCGCCGCCTGCCCACGAGCGGTCGCTGTCCGCCTACGGCGGGGGCAACCGCGCCAGCATGGAGTTCCTGCGGCAGGAGGACACCCCGGGCTGCAGGCCCCCCGAGGGGAACCTGCGGGACAGCGACACGTCCATCTCCATCCCGTCCGTGGACCACGAGGAGCTGGAGCGTTCCTTCAGCGGCTTCAGCATCTCCCAGTCCAAGGAGAACCTGGATGCTCTCAACAGCTGCTACGCGGCCGTGGCGCCTTGTGCCAAAGTCAGGCCCTACATTGCGGAGGGAGAGTCAGACACCGACTCCGACCTCTGTACCCCGTGCGGGCCCCCGCCACGCTCGGCCACCGGCGAGGGTCCCTTTGGTGACGTGGGCTGGGCCGGGCCCAGGAAGTGAGGCGGCGCTGGGCCAGTGGACCCGCCCGCGGCCCTCCTCAGCACGGTGCCTCCGAGGTTTTGAGGCGGGAACCCTCTGGGGCCCTTTTCTTACAGTAACTGAGTGTGGCGGGAAGGGTGGGCCCTGGAGGGGCCCATGTGGGCTGAAGGATGGGGGCTCCTGGCAGTGACCTTTTACAAAAGTTATTTTCCAACAGGGGCTGGAGGGCTGGGCAGGGCCCTGTGGCTCCAGGAGCAGCGTGCAGGAGCAAGGCTGCCCTGTCCACTCTGCTCAGGGCCGCGGCCGACATCAGCCCGGTGTGAGGAGGGGCGGGAGTGATGACGGGGTGTTGCCAGCGTGGCAACAGGCGGGGGGTTGTCTCAGCCGAGCCCAGGGGAGGCACAAAGGGCAGGCCTGTTCCCTGAGGACCTGCGCAAAGGGCGGGCCTGTTTGGTGAGGACCTGCGGCCTTGGGTCCCGGTGGGGTTTCCGGGCAGCTACAGGCGGGTGTGGCCGGCCGCTGTGCGTGGCCTCTGCCTTCACACCTGACCTGCCCGGCGGGCTTTCCTGTTCCCCACCTCAGGGGCGCCCAAATACAGAGCTATTGGTTGGCGTCTTCTCCCTGTACCTTCTGGGATCTGAGGGCTCTTTCCATGGAAGCCAGCCCCGAGGTGGAGACCTTCGCCTGCAGCCGAGGAGCGGGTGGGGCCTGGGAACCAAACTGGAGCCAGAGTGGACGTCCAGCCCTCTGGTCTTGGCCTCCAGAGGGAGGGCCTGGCTCACGGTGGGGCCAGGGAGCCGGCTCCAAAGGGTCTTCAAAAAGGGGGTCCTTGGGGGCTCCAGCTGCCTCGCCCTGGCCTTTCTGTGGGTGCGTGAGAGCCAGCAGCACCCCAGCCTTGGAGACCGGGGGGGCAGGACCCCAAGTCCTCCCCTCTCTCCTGACTGCCCTGGCCGGGTGCCGGCACTGCGAGACCCACCTGGTGAGCAGGCCTCACAGTTCT,33,2,-1,0
27,91,KCNQ2,NM_172106,c.1160dupC,antisens, ATGCGGCTCCCGGCCGGGGGGCCTGGGCTGGGGCCCGCGCCGCCCCCCGCGCTCCGCCCCCGCTGAGCCTGAGCCCGACCCGGGGCGCCTCCCGCCAGGCACCATGGTGCAGAAGTCGCGCAACGGCGGCGTATACCCCGGCCCGAGCGGGGAGAAGAAGCTGAAGGTGGGCTTCGTGGGGCTGGACCCCGGCGCGCCCGACTCCACCCGGGACGGGGCGCTGCTGATCGCCGGCTCCGAGGCCCCCAAGCGCGGCAGCATCCTCAGCAAACCTCGCGCGGGCGGCGCGGGCGCCGGGAAGCCCCCCAAGCGCAACGCCTTCTACCGCAAGCTGCAGAATTTCCTCTACAACGTGCTGGAGCGGCCGCGCGGCTGGGCGTTCATCTACCACGCCTACGTGTTCCTCCTGGTTTTCTCCTGCCTCGTGCTGTCTGTGTTTTCCACCATCAAGGAGTATGAGAAGAGCTCGGAGGGGGCCCTCTACATCCTGGAAATCGTGACTATCGTGGTGTTTGGCGTGGAGTACTTCGTGCGGATCTGGGCCGCAGGCTGCTGCTGCCGGTACCGTGGCTGGAGGGGGCGGCTCAAGTTTGCCCGGAAACCGTTCTGTGTGATTGACATCATGGTGCTCATCGCCTCCATTGCGGTGCTGGCCGCCGGCTCCCAGGGCAACGTCTTTGCCACATCTGCGCTCCGGAGCCTGCGCTTCCTGCAGATTCTGCGGATGATCCGCATGGACCGGCGGGGAGGCACCTGGAAGCTGCTGGGCTCTGTGGTCTATGCCCACAGCAAGGAGCTGGTCACTGCCTGGTACATCGGCTTCCTTTGTCTCATCCTGGCCTCGTTCCTGGTGTACTTGGCAGAGAAGGGGGAGAACGACCACTTTGACACCTACGCGGATGCACTCTGGTGGGGCCTGATCACGCTGACCACCATTGGCTACGGGGACAAGTACCCCCAGACCTGGAACGGCAGGCTCCTTGCGGCAACCTTCACCCTCATCGGTGTCTCCTTCTTCGCGCTGCCTGCAGGCATCTTGGGGTCTGGGTTTGCCCTGAAGGTTCAGGAGCAGCACAGGCAGAAGCACTTTGAGAAGAGGCGGAACCCGGCAGCAGGCCTGATCCAGTCGGCCTGGAGATTCTACGCCACCAACCTCTCGCGCACAGACCTGCACTCCACGTGGCAGTACTACGAGCGAACGGTCACCGTGCCCATGTACAGTTCGCAAACTCAAACCTACGGGGCCTCCAGACTTATCCCCCCCGCTGAACCAGCTGGAGCTGCTGAGGAACCTCAAGAGTAAATCTGGACTCGCTTTCAGGAAGGACCCCCCGCCGGAGCCGTCTCCAAGCCAGAAGGTCAGTTTGAAAGATCGTGTCTTCTCCAGCCCCCGAGGCGTGGCTGCCAAGGGGAAGGGGTCCCCGCAGGCCCAGACTGTGAGGCGGTCACCCAGCGCCGACCAGAGCCTCGAGGACAGCCCCAGCAAGGTGCCCAAGAGCTGGAGCTTCGGGGACCGCAGCCGGGCACGCCAGGCTTTCCGCATCAAGGGTGCCGCGTCACGGCAGAACTCAGAAGAAGCAAGCCTCCCCGGAGAGGACATTGTGGATGACAAGAGCTGCCCCTGCGAGTTTGTGACCGAGGACCTGACCCCGGGCCTCAAAGTCAGCATCAGAGCCGTGTGTGTCATGCGGTTCCTGGTGTCCAAGCGGAAGTTCAAGGAGAGCCTGCGGCCCTACGACGTGATGGACGTCATCGAGCAGTACTCAGCCGGCCACCTGGACATGCTGTCCCGAATTAAGAGCCTGCAGTCCAGAGTGGACCAGATCGTGGGGCGGGGCCCAGCGATCACGGACAAGGACCGCACCAAGGGCCCGGCCGAGGCGGAGCTGCCCGAGGACCCCAGCATGATGGGACGGCTCGGGAAGGTGGAGAAGCAGGTCTTGTCCATGGAGAAGAAGCTGGACTTCCTGGTGAATATCTACATGCAGCGGATGGGCATCCCCCCGACAGAGACCGAGGCCTACTTTGGGGCCAAAGAGCCGGAGCCGGCGCCGCCGTACCACAGCCCGGAAGACAGCCGGGAGCATGTCGACAGGCACGGCTGCATTGTCAAGATCGTGCGCTCCAGCAGCTCCACGGGCCAGAAGAACTTCTCGGCGCCCCCGGCCGCGCCCCCTGTCCAGTGTCCGCCCTCCACCTCCTGGCAGCCACAGAGCCACCCGCGCCAGGGCCACGGCACCTCCCCCGTGGGGGACCACGGCTCCCTGGTGCGCATCCCGCCGCCGCCTGCCCACGAGCGGTCGCTGTCCGCCTACGGCGGGGGCAACCGCGCCAGCATGGAGTTCCTGCGGCAGGAGGACACCCCGGGCTGCAGGCCCCCCGAGGGGAACCTGCGGGACAGCGACACGTCCATCTCCATCCCGTCCGTGGACCACGAGGAGCTGGAGCGTTCCTTCAGCGGCTTCAGCATCTCCCAGTCCAAGGAGAACCTGGATGCTCTCAACAGCTGCTACGCGGCCGTGGCGCCTTGTGCCAAAGTCAGGCCCTACATTGCGGAGGGAGAGTCAGACACCGACTCCGACCTCTGTACCCCGTGCGGGCCCCCGCCACGCTCGGCCACCGGCGAGGGTCCCTTTGGTGACGTGGGCTGGGCCGGGCCCAGGAAGTGAGGCGGCGCTGGGCCAGTGGACCCGCCCGCGGCCCTCCTCAGCACGGTGCCTCCGAGGTTTTGAGGCGGGAACCCTCTGGGGCCCTTTTCTTACAGTAACTGAGTGTGGCGGGAAGGGTGGGCCCTGGAGGGGCCCATGTGGGCTGAAGGATGGGGGCTCCTGGCAGTGACCTTTTACAAAAGTTATTTTCCAACAGGGGCTGGAGGGCTGGGCAGGGCCCTGTGGCTCCAGGAGCAGCGTGCAGGAGCAAGGCTGCCCTGTCCACTCTGCTCAGGGCCGCGGCCGACATCAGCCCGGTGTGAGGAGGGGCGGGAGTGATGACGGGGTGTTGCCAGCGTGGCAACAGGCGGGGGGTTGTCTCAGCCGAGCCCAGGGGAGGCACAAAGGGCAGGCCTGTTCCCTGAGGACCTGCGCAAAGGGCGGGCCTGTTTGGTGAGGACCTGCGGCCTTGGGTCCCGGTGGGGTTTCCGGGCAGCTACAGGCGGGTGTGGCCGGCCGCTGTGCGTGGCCTCTGCCTTCACACCTGACCTGCCCGGCGGGCTTTCCTGTTCCCCACCTCAGGGGCGCCCAAATACAGAGCTATTGGTTGGCGTCTTCTCCCTGTACCTTCTGGGATCTGAGGGCTCTTTCCATGGAAGCCAGCCCCGAGGTGGAGACCTTCGCCTGCAGCCGAGGAGCGGGTGGGGCCTGGGAACCAAACTGGAGCCAGAGTGGACGTCCAGCCCTCTGGTCTTGGCCTCCAGAGGGAGGGCCTGGCTCACGGTGGGGCCAGGGAGCCGGCTCCAAAGGGTCTTCAAAAAGGGGGTCCTTGGGGGCTCCAGCTGCCTCGCCCTGGCCTTTCTGTGGGTGCGTGAGAGCCAGCAGCACCCCAGCCTTGGAGACCGGGGGGGCAGGACCCCAAGTCCTCCCCTCTCTCCTGACTGCCCTGGCCGGGTGCCGGCACTGCGAGACCCACCTGGTGAGCAGGCCTCACAGTTCT,33,2,-1,0
28,92,KCNQ2,NM_172109,c.1164delA,sens,ATGCGGCTCCCGGCCGGGGGGCCTGGGCTGGGGCCCGCGCCGCCCCCCGCGCTCCGCCCCCGC,4,4,-1,0
29,99,KCNQ2,NM_172109,c.1164delA,antisens, ATGCGGCTCCCGGCCGGGGGGCCTGGGCTGGGGCCCGCGCCGCCCCCCGCGCTCCGCCCCCGCTGAGCCTGAGCCCGACCCGGGGCGCCTCCCGCCAGGCACCATGGTGCAGAAGTCGCGCAACGGCGGCGTATACCCCGGCCCGAGCGGGGAGAAGAAGCTGAAGGTGGGCTTCGTGGGGCTGGACCCCGGCGCGCCCGACTCCACCCGGGACGGGGCGCTGCTGATCGCCGGCTCCGAGGCCCCCAAGCGCGGCAGCATCCTCAGCAAACCTCGCGCGGGCGGCGCGGGCGCCGGGAAGCCCCCCAAGCGCAACGCCTTCTACCGCAAGCTGCAGAATTTCCTCTACAACGTGCTGGAGCGGCCGCGCGGCTGGGCGTTCATCTACCACGCCTACGTGTTCCTCCTGGTTTTCTCCTGCCTCGTGCTGTCTGTGTTTTCCACCATCAAGGAGTATGAGAAGAGCTCGGAGGGGGCCCTCTACATCCTGGAAATCGTGACTATCGTGGTGTTTGGCGTGGAGTACTTCGTGCGGATCTGGGCCGCAGGCTGCTGCTGCCGGTACCGTGGCTGGAGGGGGCGGCTCAAGTTTGCCCGGAAACCGTTCTGTGTGATTGACATCATGGTGCTCATCGCCTCCATTGCGGTGCTGGCCGCCGGCTCCCAGGGCAACGTCTTTGCCACATCTGCGCTCCGGAGCCTGCGCTTCCTGCAGATTCTGCGGATGATCCGCATGGACCGGCGGGGAGGCACCTGGAAGCTGCTGGGCTCTGTGGTCTATGCCCACAGCAAGGAGCTGGTCACTGCCTGGTACATCGGCTTCCTTTGTCTCATCCTGGCCTCGTTCCTGGTGTACTTGGCAGAGAAGGGGGAGAACGACCACTTTGACACCTACGCGGATGCACTCTGGTGGGGCCTGATCACGCTGACCACCATTGGCTACGGGGACAAGTACCCCCAGACCTGGAACGGCAGGCTCCTTGCGGCAACCTTCACCCTCATCGGTGTCTCCTTCTTCGCGCTGCCTGCAGGCATCTTGGGGTCTGGGTTTGCCCTGAAGGTTCAGGAGCAGCACAGGCAGAAGCACTTTGAGAAGAGGCGGAACCCGGCAGCAGGCCTGATCCAGTCGGCCTGGAGATTCTACGCCACCAACCTCTCGCGCACAGACCTGCACTCCACGTGGCAGTACTACGAGCGAACGGTCACCGTGCCCATGTACAGGTACCGCCGCCGGGCACCTGCCACCAAGCAACTGTTTCATTTTTTTTTTCCATTTGTTCT,33,2,-1,0
30,101,KCNQ2,NM_172109,c.1164delA,antisens, ATGCGGCTCCCGGCCGGGGGGCCTGGGCTGGGGCCCGCGCCGCCCCCCGCGCTCCGCCCCCGCTGAGCCTGAGCCCGACCCGGGGCGCCTCCCGCCAGGCACCATGGTGCAGAAGTCGCGCAACGGCGGCGTATACCCCGGCCCGAGCGGGGAGAAGAAGCTGAAGGTGGGCTTCGTGGGGCTGGACCCCGGCGCGCCCGACTCCACCCGGGACGGGGCGCTGCTGATCGCCGGCTCCGAGGCCCCCAAGCGCGGCAGCATCCTCAGCAAACCTCGCGCGGGCGGCGCGGGCGCCGGGAAGCCCCCCAAGCGCAACGCCTTCTACCGCAAGCTGCAGAATTTCCTCTACAACGTGCTGGAGCGGCCGCGCGGCTGGGCGTTCATCTACCACGCCTACGTGTTCCTCCTGGTTTTCTCCTGCCTCGTGCTGTCTGTGTTTTCCACCATCAAGGAGTATGAGAAGAGCTCGGAGGGGGCCCTCTACATCCTGGAAATCGTGACTATCGTGGTGTTTGGCGTGGAGTACTTCGTGCGGATCTGGGCCGCAGGCTGCTGCTGCCGGTACCGTGGCTGGAGGGGGCGGCTCAAGTTTGCCCGGAAACCGTTCTGTGTGATTGACATCATGGTGCTCATCGCCTCCATTGCGGTGCTGGCCGCCGGCTCCCAGGGCAACGTCTTTGCCACATCTGCGCTCCGGAGCCTGCGCTTCCTGCAGATTCTGCGGATGATCCGCATGGACCGGCGGGGAGGCACCTGGAAGCTGCTGGGCTCTGTGGTCTATGCCCACAGCAAGGAGCTGGTCACTGCCTGGTACATCGGCTTCCTTTGTCTCATCCTGGCCTCGTTCCTGGTGTACTTGGCAGAGAAGGGGGAGAACGACCACTTTGACACCTACGCGGATGCACTCTGGTGGGGCCTGATCACGCTGACCACCATTGGCTACGGGGACAAGTACCCCCAGACCTGGAACGGCAGGCTCCTTGCGGCAACCTTCACCCTCATCGGTGTCTCCTTCTTCGCGCTGCCTGCAGGCATCTTGGGGTCTGGGTTTGCCCTGAAGGTTCAGGAGCAGCACAGGCAGAAGCACTTTGAGAAGAGGCGGAACCCGGCAGCAGGCCTGATCCAGTCGGCCTGGAGATTCTACGCCACCAACCTCTCGCGCACAGACCTGCACTCCACGTGGCAGTACTACGAGCGAACGGTCACCGTGCCCATGTACAGGTACCGCCGCCGGGCACCTGCCACCAAGCAACTGTTTCATTTTTTTTTTCCATTTGTTCT,33,2,-1,0
31,103,KCNQ2,NM_172109,c.1164delA,antisens, ATGCGGCTCCCGGCCGGGGGGCCTGGGCTGGGGCCCGCGCCGCCCCCCGCGCTCCGCCCCCGCTGAGCCTGAGCCCGACCCGGGGCGCCTCCCGCCAGGCACCATGGTGCAGAAGTCGCGCAACGGCGGCGTATACCCCGGCCCGAGCGGGGAGAAGAAGCTGAAGGTGGGCTTCGTGGGGCTGGACCCCGGCGCGCCCGACTCCACCCGGGACGGGGCGCTGCTGATCGCCGGCTCCGAGGCCCCCAAGCGCGGCAGCATCCTCAGCAAACCTCGCGCGGGCGGCGCGGGCGCCGGGAAGCCCCCCAAGCGCAACGCCTTCTACCGCAAGCTGCAGAATTTCCTCTACAACGTGCTGGAGCGGCCGCGCGGCTGGGCGTTCATCTACCACGCCTACGTGTTCCTCCTGGTTTTCTCCTGCCTCGTGCTGTCTGTGTTTTCCACCATCAAGGAGTATGAGAAGAGCTCGGAGGGGGCCCTCTACATCCTGGAAATCGTGACTATCGTGGTGTTTGGCGTGGAGTACTTCGTGCGGATCTGGGCCGCAGGCTGCTGCTGCCGGTACCGTGGCTGGAGGGGGCGGCTCAAGTTTGCCCGGAAACCGTTCTGTGTGATTGACATCATGGTGCTCATCGCCTCCATTGCGGTGCTGGCCGCCGGCTCCCAGGGCAACGTCTTTGCCACATCTGCGCTCCGGAGCCTGCGCTTCCTGCAGATTCTGCGGATGATCCGCATGGACCGGCGGGGAGGCACCTGGAAGCTGCTGGGCTCTGTGGTCTATGCCCACAGCAAGGAGCTGGTCACTGCCTGGTACATCGGCTTCCTTTGTCTCATCCTGGCCTCGTTCCTGGTGTACTTGGCAGAGAAGGGGGAGAACGACCACTTTGACACCTACGCGGATGCACTCTGGTGGGGCCTGATCACGCTGACCACCATTGGCTACGGGGACAAGTACCCCCAGACCTGGAACGGCAGGCTCCTTGCGGCAACCTTCACCCTCATCGGTGTCTCCTTCTTCGCGCTGCCTGCAGGCATCTTGGGGTCTGGGTTTGCCCTGAAGGTTCAGGAGCAGCACAGGCAGAAGCACTTTGAGAAGAGGCGGAACCCGGCAGCAGGCCTGATCCAGTCGGCCTGGAGATTCTACGCCACCAACCTCTCGCGCACAGACCTGCACTCCACGTGGCAGTACTACGAGCGAACGGTCACCGTGCCCATGTACAGGTACCGCCGCCGGGCACCTGCCACCAAGCAACTGTTTCATTTTTTTTTTCCATTTGTTCT,33,2,-1,0
32,104,KCNQ2,NM_172109,c.1163dupT,sens,ATGCGGCTCCCGGCCGGGGGGCCTGGGCTGGGGCCCGCGCCGCCCCCCGCGCTCCGCCCCCGC,4,4,-1,0
33,110,KCNQ2,NM_172109,c.1156_1157del,sens,ATGCGGCTCCCGGCCGGGGGGCCTGGGCTGGGGCCCGCGCCGCCCCCCGCGCTCCGCCCCCGC,4,4,-1,0
34,126,KCNQ1,NM_000218,c.73delC,sens, ATGGCCGCGGCCTCCTCCCCGCCCAGGGCCGAGAGGAAGCGCTGGGGTTGGGGCCGCCTGCCAGGCGCCCGGGGGGCAGCGCGGGCCTGGCCAAGAAGTGCCCCTTCTCGCTGGAGCTGGCGGAGGGCGGCCCGGCGGGCGGCGCGCTCTACGCGCCCATCGCGCCCGGCGCCCCAGGTCCCGCGCCCCCTGCGTCCCCGGCCGCGCCCGCCGCGCCCCCAGTTGCCTCCGACCTTGGCCCGCGGCCGCCGGTGAGCCTAGACCCGCGCGTCTCCATCTACAGCACGCGCCGCCCGGTGTTGGCGCGCACCCACGTCCAGGGCCGCGTCTACAACTTCCTCGAGCGTCCCACCGGCTGGAAATGCTTCGTTTACCACTTCGCCGTCTTCCTCATCGTCCTGGTCTGCCTCATCTTCAGCGTGCTGTCCACCATCGAGCAGTATGCCGCCCTGGCCACGGGGACTCTCTTCTGGATGGAGATCGTGCTGGTGGTGTTCTTCGGGACGGAGTACGTGGTCCGCCTCTGGTCCGCCGGCTGCCGCAGCAAGTACGTGGGCCTCTGGGGGCGGCTGCGCTTTGCCCGGAAGCCCATTTCCATCATCGACCTCATCGTGGTCGTGGCCTCCATGGTGGTCCTCTGCGTGGGCTCCAAGGGGCAGGTGTTTGCCACGTCGGCCATCAGGGGCATCCGCTTCCTGCAGATCCTGAGGATGCTACACGTCGACCGCCAGGGAGGCACCTGGAGGCTCCTGGGCTCCGTGGTCTTCATCCACCGCCAGGAGCTGA,10,14,-1,0
35,129,KCNQ1,NM_000218,c.73delC,sens, ATGGCCGCGGCCTCCTCCCCGCCCAGGGCCGAGAGGAAGCGCTGGGGTTGGGGCCGCCTGCCAGGCGCCCGGGGGGCAGCGCGGGCCTGGCCAAGAAGTGCCCCTTCTCGCTGGAGCTGGCGGAGGGCGGCCCGGCGGGCGGCGCGCTCTACGCGCCCATCGCGCCCGGCGCCCCAGGTCCCGCGCCCCCTGCGTCCCCGGCCGCGCCCGCCGCGCCCCCAGTTGCCTCCGACCTTGGCCCGCGGCCGCCGGTGAGCCTAGACCCGCGCGTCTCCATCTACAGCACGCGCCGCCCGGTGTTGGCGCGCACCCACGTCCAGGGCCGCGTCTACAACTTCCTCGAGCGTCCCACCGGCTGGAAATGCTTCGTTTACCACTTCGCCGTCTTCCTCATCGTCCTGGTCTGCCTCATCTTCAGCGTGCTGTCCACCATCGAGCAGTATGCCGCCCTGGCCACGGGGACTCTCTTCTGGATGGAGATCGTGCTGGTGGTGTTCTTCGGGACGGAGTACGTGGTCCGCCTCTGGTCCGCCGGCTGCCGCAGCAAGTACGTGGGCCTCTGGGGGCGGCTGCGCTTTGCCCGGAAGCCCATTTCCATCATCGACCTCATCGTGGTCGTGGCCTCCATGGTGGTCCTCTGCGTGGGCTCCAAGGGGCAGGTGTTTGCCACGTCGGCCATCAGGGGCATCCGCTTCCTGCAGATCCTGAGGATGCTACACGTCGACCGCCAGGGAGGCACCTGGAGGCTCCTGGGCTCCGTGGTCTTCATCCACCGCCAGGAGCTGA,10,14,-1,0
36,132,KCNQ1,NM_000218,c.73delC,sens, ATGGCCGCGGCCTCCTCCCCGCCCAGGGCCGAGAGGAAGCGCTGGGGTTGGGGCCGCCTGCCAGGCGCCCGGGGGGCAGCGCGGGCCTGGCCAAGAAGTGCCCCTTCTCGCTGGAGCTGGCGGAGGGCGGCCCGGCGGGCGGCGCGCTCTACGCGCCCATCGCGCCCGGCGCCCCAGGTCCCGCGCCCCCTGCGTCCCCGGCCGCGCCCGCCGCGCCCCCAGTTGCCTCCGACCTTGGCCCGCGGCCGCCGGTGAGCCTAGACCCGCGCGTCTCCATCTACAGCACGCGCCGCCCGGTGTTGGCGCGCACCCACGTCCAGGGCCGCGTCTACAACTTCCTCGAGCGTCCCACCGGCTGGAAATGCTTCGTTTACCACTTCGCCGTCTTCCTCATCGTCCTGGTCTGCCTCATCTTCAGCGTGCTGTCCACCATCGAGCAGTATGCCGCCCTGGCCACGGGGACTCTCTTCTGGATGGAGATCGTGCTGGTGGTGTTCTTCGGGACGGAGTACGTGGTCCGCCTCTGGTCCGCCGGCTGCCGCAGCAAGTACGTGGGCCTCTGGGGGCGGCTGCGCTTTGCCCGGAAGCCCATTTCCATCATCGACCTCATCGTGGTCGTGGCCTCCATGGTGGTCCTCTGCGTGGGCTCCAAGGGGCAGGTGTTTGCCACGTCGGCCATCAGGGGCATCCGCTTCCTGCAGATCCTGAGGATGCTACACGTCGACCGCCAGGGAGGCACCTGGAGGCTCCTGGGCTCCGTGGTCTTCATCCACCGCCAGGAGCTGA,10,14,-1,0
37,133,KCNQ1,NM_000218,c.73delC,antisens,ATGGCCGCGGCCTCCTCCCCGCCCAGGGCCGAGAGGAAGCGCTGGGGTTGGGGCCGCCTGCCAGGCGCCCGGGGGGCAGCGCGGGCCTGGCCAAGAAGTGCCCCTTCTCGCTGGAGCTGGCGGAGGGCGGCCCGGCGGGCGGCGCGCTCTACGCGCCCATCGCGCCCGGCGCCCCAGGTCCCGCGCCCCCTGCGTCCCCGGCCGCGCCCGCCGCGCCCCCAGTTGCCTCCGACCTTGGCCCGCGGCCGCCGG,10,1,-1,0
38,135,KCNQ1,NM_000218,c.73delC,antisens, ATGGCCGCGGCCTCCTCCCCGCCCAGGGCCGAGAGGAAGCGCTGGGGTTGGGGCCGCCTGCCAGGCGCCCGGGGGGCAGCGCGGGCCTGGCCAAGAAGTGCCCCTTCTCGCTGGAGCTGGCGGAGGGCGGCCCGGCGGGCGGCGCGCTCTACGCGCCCATCGCGCCCGGCGCCCCAGGTCCCGCGCCCCCTGCGTCCCCGGCCGCGCCCGCCGCGCCCCCAGTTGCCTCCGACCTTGGCCCGCGGCCGCCGGTGAGCCTAGACCCGCGCGTCTCCATCTACAGCACGCGCCGCCCGGTGTTGGCGCGCACCCACGTCCAGGGCCGCGTCTACAACTTCCTCGAGCGTCCCACCGGCTGGAAATGCTTCGTTTACCACTTCGCCGTCTTCCTCATCGTCCTGGTCTGCCTCATCTTCAGCGTGCTGTCCACCATCGAGCAGTATGCCGCCCTGGCCACGGGGACTCTCTTCTGGATGGAGATCGTGCTGGTGGTGTTCTTCGGGACGGAGTACGTGGTCCGCCTCTGGTCCGCCGGCTGCCGCAGCAAGTACGTGGGCCTCTGGGGGCGGCTGCGCTTTGCCCGGAAGCCCATTTCCATCATCGACCTCATCGTGGTCGTGGCCTCCATGGTGGTCCTCTGCGTGGGCTCCAAGGGGCAGGTGTTTGCCACGTCGGCCATCAGGGGCATCCGCTTCCTGCAGATCCTGAGGATGCTACACGTCGACCGCCAGGGAGGCACCTGGAGGCTCCTGGGCTCCGTGGTCTTCATCCACCGCCAGGAGCTGA,1,10,-1,0
39,138,KCNQ1,NM_000218,c.73delC,antisens, ATGGCCGCGGCCTCCTCCCCGCCCAGGGCCGAGAGGAAGCGCTGGGGTTGGGGCCGCCTGCCAGGCGCCCGGGGGGCAGCGCGGGCCTGGCCAAGAAGTGCCCCTTCTCGCTGGAGCTGGCGGAGGGCGGCCCGGCGGGCGGCGCGCTCTACGCGCCCATCGCGCCCGGCGCCCCAGGTCCCGCGCCCCCTGCGTCCCCGGCCGCGCCCGCCGCGCCCCCAGTTGCCTCCGACCTTGGCCCGCGGCCGCCGGTGAGCCTAGACCCGCGCGTCTCCATCTACAGCACGCGCCGCCCGGTGTTGGCGCGCACCCACGTCCAGGGCCGCGTCTACAACTTCCTCGAGCGTCCCACCGGCTGGAAATGCTTCGTTTACCACTTCGCCGTCTTCCTCATCGTCCTGGTCTGCCTCATCTTCAGCGTGCTGTCCACCATCGAGCAGTATGCCGCCCTGGCCACGGGGACTCTCTTCTGGATGGAGATCGTGCTGGTGGTGTTCTTCGGGACGGAGTACGTGGTCCGCCTCTGGTCCGCCGGCTGCCGCAGCAAGTACGTGGGCCTCTGGGGGCGGCTGCGCTTTGCCCGGAAGCCCATTTCCATCATCGACCTCATCGTGGTCGTGGCCTCCATGGTGGTCCTCTGCGTGGGCTCCAAGGGGCAGGTGTTTGCCACGTCGGCCATCAGGGGCATCCGCTTCCTGCAGATCCTGAGGATGCTACACGTCGACCGCCAGGGAGGCACCTGGAGGCTCCTGGGCTCCGTGGTCTTCATCCACCGCCAGGAGCTGA,1,10,-1,0
40,141,KCNQ1,NM_000218,c.73delC,antisens, ATGGCCGCGGCCTCCTCCCCGCCCAGGGCCGAGAGGAAGCGCTGGGGTTGGGGCCGCCTGCCAGGCGCCCGGGGGGCAGCGCGGGCCTGGCCAAGAAGTGCCCCTTCTCGCTGGAGCTGGCGGAGGGCGGCCCGGCGGGCGGCGCGCTCTACGCGCCCATCGCGCCCGGCGCCCCAGGTCCCGCGCCCCCTGCGTCCCCGGCCGCGCCCGCCGCGCCCCCAGTTGCCTCCGACCTTGGCCCGCGGCCGCCGGTGAGCCTAGACCCGCGCGTCTCCATCTACAGCACGCGCCGCCCGGTGTTGGCGCGCACCCACGTCCAGGGCCGCGTCTACAACTTCCTCGAGCGTCCCACCGGCTGGAAATGCTTCGTTTACCACTTCGCCGTCTTCCTCATCGTCCTGGTCTGCCTCATCTTCAGCGTGCTGTCCACCATCGAGCAGTATGCCGCCCTGGCCACGGGGACTCTCTTCTGGATGGAGATCGTGCTGGTGGTGTTCTTCGGGACGGAGTACGTGGTCCGCCTCTGGTCCGCCGGCTGCCGCAGCAAGTACGTGGGCCTCTGGGGGCGGCTGCGCTTTGCCCGGAAGCCCATTTCCATCATCGACCTCATCGTGGTCGTGGCCTCCATGGTGGTCCTCTGCGTGGGCTCCAAGGGGCAGGTGTTTGCCACGTCGGCCATCAGGGGCATCCGCTTCCTGCAGATCCTGAGGATGCTACACGTCGACCGCCAGGGAGGCACCTGGAGGCTCCTGGGCTCCGTGGTCTTCATCCACCGCCAGGAGCTGA,1,10,-1,0
41,144,KCNQ1,NM_000218,c.74delG,sens, ATGGCCGCGGCCTCCTCCCCGCCCAGGGCCGAGAGGAAGCGCTGGGGTTGGGGCCGCCTGCCAGGCGCCCGGCGGGCAGCGCGGGCCTGGCCAAGAAGTGCCCCTTCTCGCTGGAGCTGGCGGAGGGCGGCCCGGCGGGCGGCGCGCTCTACGCGCCCATCGCGCCCGGCGCCCCAGGTCCCGCGCCCCCTGCGTCCCCGGCCGCGCCCGCCGCGCCCCCAGTTGCCTCCGACCTTGGCCCGCGGCCGCCGGTGAGCCTAGACCCGCGCGTCTCCATCTACAGCACGCGCCGCCCGGTGTTGGCGCGCACCCACGTCCAGGGCCGCGTCTACAACTTCCTCGAGCGTCCCACCGGCTGGAAATGCTTCGTTTACCACTTCGCCGTCTTCCTCATCGTCCTGGTCTGCCTCATCTTCAGCGTGCTGTCCACCATCGAGCAGTATGCCGCCCTGGCCACGGGGACTCTCTTCTGGATGGAGATCGTGCTGGTGGTGTTCTTCGGGACGGAGTACGTGGTCCGCCTCTGGTCCGCCGGCTGCCGCAGCAAGTACGTGGGCCTCTGGGGGCGGCTGCGCTTTGCCCGGAAGCCCATTTCCATCATCGACCTCATCGTGGTCGTGGCCTCCATGGTGGTCCTCTGCGTGGGCTCCAAGGGGCAGGTGTTTGCCACGTCGGCCATCAGGGGCATCCGCTTCCTGCAGATCCTGAGGATGCTACACGTCGACCGCCAGGGAGGCACCTGGAGGCTCCTGGGCTCCGTGGTCTTCATCCACCGCCAGGAGCTGA,10,14,-1,0
42,147,KCNQ1,NM_000218,c.74delG,sens, ATGGCCGCGGCCTCCTCCCCGCCCAGGGCCGAGAGGAAGCGCTGGGGTTGGGGCCGCCTGCCAGGCGCCCGGCGGGCAGCGCGGGCCTGGCCAAGAAGTGCCCCTTCTCGCTGGAGCTGGCGGAGGGCGGCCCGGCGGGCGGCGCGCTCTACGCGCCCATCGCGCCCGGCGCCCCAGGTCCCGCGCCCCCTGCGTCCCCGGCCGCGCCCGCCGCGCCCCCAGTTGCCTCCGACCTTGGCCCGCGGCCGCCGGTGAGCCTAGACCCGCGCGTCTCCATCTACAGCACGCGCCGCCCGGTGTTGGCGCGCACCCACGTCCAGGGCCGCGTCTACAACTTCCTCGAGCGTCCCACCGGCTGGAAATGCTTCGTTTACCACTTCGCCGTCTTCCTCATCGTCCTGGTCTGCCTCATCTTCAGCGTGCTGTCCACCATCGAGCAGTATGCCGCCCTGGCCACGGGGACTCTCTTCTGGATGGAGATCGTGCTGGTGGTGTTCTTCGGGACGGAGTACGTGGTCCGCCTCTGGTCCGCCGGCTGCCGCAGCAAGTACGTGGGCCTCTGGGGGCGGCTGCGCTTTGCCCGGAAGCCCATTTCCATCATCGACCTCATCGTGGTCGTGGCCTCCATGGTGGTCCTCTGCGTGGGCTCCAAGGGGCAGGTGTTTGCCACGTCGGCCATCAGGGGCATCCGCTTCCTGCAGATCCTGAGGATGCTACACGTCGACCGCCAGGGAGGCACCTGGAGGCTCCTGGGCTCCGTGGTCTTCATCCACCGCCAGGAGCTGA,10,14,-1,0
43,150,KCNQ1,NM_000218,c.74delG,sens, ATGGCCGCGGCCTCCTCCCCGCCCAGGGCCGAGAGGAAGCGCTGGGGTTGGGGCCGCCTGCCAGGCGCCCGGCGGGCAGCGCGGGCCTGGCCAAGAAGTGCCCCTTCTCGCTGGAGCTGGCGGAGGGCGGCCCGGCGGGCGGCGCGCTCTACGCGCCCATCGCGCCCGGCGCCCCAGGTCCCGCGCCCCCTGCGTCCCCGGCCGCGCCCGCCGCGCCCCCAGTTGCCTCCGACCTTGGCCCGCGGCCGCCGGTGAGCCTAGACCCGCGCGTCTCCATCTACAGCACGCGCCGCCCGGTGTTGGCGCGCACCCACGTCCAGGGCCGCGTCTACAACTTCCTCGAGCGTCCCACCGGCTGGAAATGCTTCGTTTACCACTTCGCCGTCTTCCTCATCGTCCTGGTCTGCCTCATCTTCAGCGTGCTGTCCACCATCGAGCAGTATGCCGCCCTGGCCACGGGGACTCTCTTCTGGATGGAGATCGTGCTGGTGGTGTTCTTCGGGACGGAGTACGTGGTCCGCCTCTGGTCCGCCGGCTGCCGCAGCAAGTACGTGGGCCTCTGGGGGCGGCTGCGCTTTGCCCGGAAGCCCATTTCCATCATCGACCTCATCGTGGTCGTGGCCTCCATGGTGGTCCTCTGCGTGGGCTCCAAGGGGCAGGTGTTTGCCACGTCGGCCATCAGGGGCATCCGCTTCCTGCAGATCCTGAGGATGCTACACGTCGACCGCCAGGGAGGCACCTGGAGGCTCCTGGGCTCCGTGGTCTTCATCCACCGCCAGGAGCTGA,10,14,-1,0
44,151,KCNQ1,NM_000218,c.74delG,antisens,ATGGCCGCGGCCTCCTCCCCGCCCAGGGCCGAGAGGAAGCGCTGGGGTTGGGGCCGCCTGCCAGGCGCCCGGCGGGCAGCGCGGGCCTGGCCAAGAAGTGCCCCTTCTCGCTGGAGCTGGCGGAGGGCGGCCCGGCGGGCGGCGCGCTCTACGCGCCCATCGCGCCCGGCGCCCCAGGTCCCGCGCCCCCTGCGTCCCCGGCCGCGCCCGCCGCGCCCCCAGTTGCCTCCGACCTTGGCCCGCGGCCGCCGG,10,1,-1,0
45,153,KCNQ1,NM_000218,c.74delG,antisens, ATGGCCGCGGCCTCCTCCCCGCCCAGGGCCGAGAGGAAGCGCTGGGGTTGGGGCCGCCTGCCAGGCGCCCGGCGGGCAGCGCGGGCCTGGCCAAGAAGTGCCCCTTCTCGCTGGAGCTGGCGGAGGGCGGCCCGGCGGGCGGCGCGCTCTACGCGCCCATCGCGCCCGGCGCCCCAGGTCCCGCGCCCCCTGCGTCCCCGGCCGCGCCCGCCGCGCCCCCAGTTGCCTCCGACCTTGGCCCGCGGCCGCCGGTGAGCCTAGACCCGCGCGTCTCCATCTACAGCACGCGCCGCCCGGTGTTGGCGCGCACCCACGTCCAGGGCCGCGTCTACAACTTCCTCGAGCGTCCCACCGGCTGGAAATGCTTCGTTTACCACTTCGCCGTCTTCCTCATCGTCCTGGTCTGCCTCATCTTCAGCGTGCTGTCCACCATCGAGCAGTATGCCGCCCTGGCCACGGGGACTCTCTTCTGGATGGAGATCGTGCTGGTGGTGTTCTTCGGGACGGAGTACGTGGTCCGCCTCTGGTCCGCCGGCTGCCGCAGCAAGTACGTGGGCCTCTGGGGGCGGCTGCGCTTTGCCCGGAAGCCCATTTCCATCATCGACCTCATCGTGGTCGTGGCCTCCATGGTGGTCCTCTGCGTGGGCTCCAAGGGGCAGGTGTTTGCCACGTCGGCCATCAGGGGCATCCGCTTCCTGCAGATCCTGAGGATGCTACACGTCGACCGCCAGGGAGGCACCTGGAGGCTCCTGGGCTCCGTGGTCTTCATCCACCGCCAGGAGCTGA,1,10,-1,0
46,156,KCNQ1,NM_000218,c.74delG,antisens, ATGGCCGCGGCCTCCTCCCCGCCCAGGGCCGAGAGGAAGCGCTGGGGTTGGGGCCGCCTGCCAGGCGCCCGGCGGGCAGCGCGGGCCTGGCCAAGAAGTGCCCCTTCTCGCTGGAGCTGGCGGAGGGCGGCCCGGCGGGCGGCGCGCTCTACGCGCCCATCGCGCCCGGCGCCCCAGGTCCCGCGCCCCCTGCGTCCCCGGCCGCGCCCGCCGCGCCCCCAGTTGCCTCCGACCTTGGCCCGCGGCCGCCGGTGAGCCTAGACCCGCGCGTCTCCATCTACAGCACGCGCCGCCCGGTGTTGGCGCGCACCCACGTCCAGGGCCGCGTCTACAACTTCCTCGAGCGTCCCACCGGCTGGAAATGCTTCGTTTACCACTTCGCCGTCTTCCTCATCGTCCTGGTCTGCCTCATCTTCAGCGTGCTGTCCACCATCGAGCAGTATGCCGCCCTGGCCACGGGGACTCTCTTCTGGATGGAGATCGTGCTGGTGGTGTTCTTCGGGACGGAGTACGTGGTCCGCCTCTGGTCCGCCGGCTGCCGCAGCAAGTACGTGGGCCTCTGGGGGCGGCTGCGCTTTGCCCGGAAGCCCATTTCCATCATCGACCTCATCGTGGTCGTGGCCTCCATGGTGGTCCTCTGCGTGGGCTCCAAGGGGCAGGTGTTTGCCACGTCGGCCATCAGGGGCATCCGCTTCCTGCAGATCCTGAGGATGCTACACGTCGACCGCCAGGGAGGCACCTGGAGGCTCCTGGGCTCCGTGGTCTTCATCCACCGCCAGGAGCTGA,1,10,-1,0
47,159,KCNQ1,NM_000218,c.74delG,antisens, ATGGCCGCGGCCTCCTCCCCGCCCAGGGCCGAGAGGAAGCGCTGGGGTTGGGGCCGCCTGCCAGGCGCCCGGCGGGCAGCGCGGGCCTGGCCAAGAAGTGCCCCTTCTCGCTGGAGCTGGCGGAGGGCGGCCCGGCGGGCGGCGCGCTCTACGCGCCCATCGCGCCCGGCGCCCCAGGTCCCGCGCCCCCTGCGTCCCCGGCCGCGCCCGCCGCGCCCCCAGTTGCCTCCGACCTTGGCCCGCGGCCGCCGGTGAGCCTAGACCCGCGCGTCTCCATCTACAGCACGCGCCGCCCGGTGTTGGCGCGCACCCACGTCCAGGGCCGCGTCTACAACTTCCTCGAGCGTCCCACCGGCTGGAAATGCTTCGTTTACCACTTCGCCGTCTTCCTCATCGTCCTGGTCTGCCTCATCTTCAGCGTGCTGTCCACCATCGAGCAGTATGCCGCCCTGGCCACGGGGACTCTCTTCTGGATGGAGATCGTGCTGGTGGTGTTCTTCGGGACGGAGTACGTGGTCCGCCTCTGGTCCGCCGGCTGCCGCAGCAAGTACGTGGGCCTCTGGGGGCGGCTGCGCTTTGCCCGGAAGCCCATTTCCATCATCGACCTCATCGTGGTCGTGGCCTCCATGGTGGTCCTCTGCGTGGGCTCCAAGGGGCAGGTGTTTGCCACGTCGGCCATCAGGGGCATCCGCTTCCTGCAGATCCTGAGGATGCTACACGTCGACCGCCAGGGAGGCACCTGGAGGCTCCTGGGCTCCGTGGTCTTCATCCACCGCCAGGAGCTGA,1,10,-1,0
48,162,KCNQ1,NM_000218,c.168_169insAT,sens, ATGGCCGCGGCCTCCTCCCCGCCCAGGGCCGAGAGGAAGCGCTGGGGTTGGGGCCGCCTGCCAGGCGCCCGGCGGGGCAGCGCGGGCCTGGCCAAGAAGTGCCCCTTCTCGCTGGAGCTGGCGGAGGGCGGCCCGGCGGGCGGCGCGCTCTACGCGCCCATCGCGCCCATGGCGCCCCAGGTCCCGCGCCCCCTGCGTCCCCGGCCGCGCCCGCCGCGCCCCCAGTTGCCTCCGACCTTGGCCCGCGGCCGCCGGTGAGCCTAGACCCGCGCGTCTCCATCTACAGCACGCGCCGCCCGGTGTTGGCGCGCACCCACGTCCAGGGCCGCGTCTACAACTTCCTCGAGCGTCCCACCGGCTGGAAATGCTTCGTTTACCACTTCGCCGTCTTCCTCATCGTCCTGGTCTGCCTCATCTTCAGCGTGCTGTCCACCATCGAGCAGTATGCCGCCCTGGCCACGGGGACTCTCTTCTGGATGGAGATCGTGCTGGTGGTGTTCTTCGGGACGGAGTACGTGGTCCGCCTCTGGTCCGCCGGCTGCCGCAGCAAGTACGTGGGCCTCTGGGGGCGGCTGCGCTTTGCCCGGAAGCCCATTTCCATCATCGACCTCATCGTGGTCGTGGCCTCCATGGTGGTCCTCTGCGTGGGCTCCAAGGGGCAGGTGTTTGCCACGTCGGCCATCAGGGGCATCCGCTTCCTGCAGATCCTGAGGATGCTACACGTCGACCGCCAGGGAGGCACCTGGAGGCTCCTGGGCTCCGTGGTCTTCATCCACCGCCAGGAGCTGA,10,14,-1,0
49,165,KCNQ1,NM_000218,c.168_169insAT,sens, ATGGCCGCGGCCTCCTCCCCGCCCAGGGCCGAGAGGAAGCGCTGGGGTTGGGGCCGCCTGCCAGGCGCCCGGCGGGGCAGCGCGGGCCTGGCCAAGAAGTGCCCCTTCTCGCTGGAGCTGGCGGAGGGCGGCCCGGCGGGCGGCGCGCTCTACGCGCCCATCGCGCCCATGGCGCCCCAGGTCCCGCGCCCCCTGCGTCCCCGGCCGCGCCCGCCGCGCCCCCAGTTGCCTCCGACCTTGGCCCGCGGCCGCCGGTGAGCCTAGACCCGCGCGTCTCCATCTACAGCACGCGCCGCCCGGTGTTGGCGCGCACCCACGTCCAGGGCCGCGTCTACAACTTCCTCGAGCGTCCCACCGGCTGGAAATGCTTCGTTTACCACTTCGCCGTCTTCCTCATCGTCCTGGTCTGCCTCATCTTCAGCGTGCTGTCCACCATCGAGCAGTATGCCGCCCTGGCCACGGGGACTCTCTTCTGGATGGAGATCGTGCTGGTGGTGTTCTTCGGGACGGAGTACGTGGTCCGCCTCTGGTCCGCCGGCTGCCGCAGCAAGTACGTGGGCCTCTGGGGGCGGCTGCGCTTTGCCCGGAAGCCCATTTCCATCATCGACCTCATCGTGGTCGTGGCCTCCATGGTGGTCCTCTGCGTGGGCTCCAAGGGGCAGGTGTTTGCCACGTCGGCCATCAGGGGCATCCGCTTCCTGCAGATCCTGAGGATGCTACACGTCGACCGCCAGGGAGGCACCTGGAGGCTCCTGGGCTCCGTGGTCTTCATCCACCGCCAGGAGCTGA,10,14,-1,0
50,168,KCNQ1,NM_000218,c.168_169insAT,sens, ATGGCCGCGGCCTCCTCCCCGCCCAGGGCCGAGAGGAAGCGCTGGGGTTGGGGCCGCCTGCCAGGCGCCCGGCGGGGCAGCGCGGGCCTGGCCAAGAAGTGCCCCTTCTCGCTGGAGCTGGCGGAGGGCGGCCCGGCGGGCGGCGCGCTCTACGCGCCCATCGCGCCCATGGCGCCCCAGGTCCCGCGCCCCCTGCGTCCCCGGCCGCGCCCGCCGCGCCCCCAGTTGCCTCCGACCTTGGCCCGCGGCCGCCGGTGAGCCTAGACCCGCGCGTCTCCATCTACAGCACGCGCCGCCCGGTGTTGGCGCGCACCCACGTCCAGGGCCGCGTCTACAACTTCCTCGAGCGTCCCACCGGCTGGAAATGCTTCGTTTACCACTTCGCCGTCTTCCTCATCGTCCTGGTCTGCCTCATCTTCAGCGTGCTGTCCACCATCGAGCAGTATGCCGCCCTGGCCACGGGGACTCTCTTCTGGATGGAGATCGTGCTGGTGGTGTTCTTCGGGACGGAGTACGTGGTCCGCCTCTGGTCCGCCGGCTGCCGCAGCAAGTACGTGGGCCTCTGGGGGCGGCTGCGCTTTGCCCGGAAGCCCATTTCCATCATCGACCTCATCGTGGTCGTGGCCTCCATGGTGGTCCTCTGCGTGGGCTCCAAGGGGCAGGTGTTTGCCACGTCGGCCATCAGGGGCATCCGCTTCCTGCAGATCCTGAGGATGCTACACGTCGACCGCCAGGGAGGCACCTGGAGGCTCCTGGGCTCCGTGGTCTTCATCCACCGCCAGGAGCTGA,10,14,-1,0
51,169,KCNQ1,NM_000218,c.168_169insAT,antisens,ATGGCCGCGGCCTCCTCCCCGCCCAGGGCCGAGAGGAAGCGCTGGGGTTGGGGCCGCCTGCCAGGCGCCCGGCGGGGCAGCGCGGGCCTGGCCAAGAAGTGCCCCTTCTCGCTGGAGCTGGCGGAGGGCGGCCCGGCGGGCGGCGCGCTCTACGCGCCCATCGCGCCCATGGCGCCCCAGGTCCCGCGCCCCCTGCGTCCCCGGCCGCGCCCGCCGCGCCCCCAGTTGCCTCCGACCTTGGCCCGCGGCCGCCGG,10,1,-1,0
52,171,KCNQ1,NM_000218,c.168_169insAT,antisens, ATGGCCGCGGCCTCCTCCCCGCCCAGGGCCGAGAGGAAGCGCTGGGGTTGGGGCCGCCTGCCAGGCGCCCGGCGGGGCAGCGCGGGCCTGGCCAAGAAGTGCCCCTTCTCGCTGGAGCTGGCGGAGGGCGGCCCGGCGGGCGGCGCGCTCTACGCGCCCATCGCGCCCATGGCGCCCCAGGTCCCGCGCCCCCTGCGTCCCCGGCCGCGCCCGCCGCGCCCCCAGTTGCCTCCGACCTTGGCCCGCGGCCGCCGGTGAGCCTAGACCCGCGCGTCTCCATCTACAGCACGCGCCGCCCGGTGTTGGCGCGCACCCACGTCCAGGGCCGCGTCTACAACTTCCTCGAGCGTCCCACCGGCTGGAAATGCTTCGTTTACCACTTCGCCGTCTTCCTCATCGTCCTGGTCTGCCTCATCTTCAGCGTGCTGTCCACCATCGAGCAGTATGCCGCCCTGGCCACGGGGACTCTCTTCTGGATGGAGATCGTGCTGGTGGTGTTCTTCGGGACGGAGTACGTGGTCCGCCTCTGGTCCGCCGGCTGCCGCAGCAAGTACGTGGGCCTCTGGGGGCGGCTGCGCTTTGCCCGGAAGCCCATTTCCATCATCGACCTCATCGTGGTCGTGGCCTCCATGGTGGTCCTCTGCGTGGGCTCCAAGGGGCAGGTGTTTGCCACGTCGGCCATCAGGGGCATCCGCTTCCTGCAGATCCTGAGGATGCTACACGTCGACCGCCAGGGAGGCACCTGGAGGCTCCTGGGCTCCGTGGTCTTCATCCACCGCCAGGAGCTGA,1,10,-1,0
53,174,KCNQ1,NM_000218,c.168_169insAT,antisens, ATGGCCGCGGCCTCCTCCCCGCCCAGGGCCGAGAGGAAGCGCTGGGGTTGGGGCCGCCTGCCAGGCGCCCGGCGGGGCAGCGCGGGCCTGGCCAAGAAGTGCCCCTTCTCGCTGGAGCTGGCGGAGGGCGGCCCGGCGGGCGGCGCGCTCTACGCGCCCATCGCGCCCATGGCGCCCCAGGTCCCGCGCCCCCTGCGTCCCCGGCCGCGCCCGCCGCGCCCCCAGTTGCCTCCGACCTTGGCCCGCGGCCGCCGGTGAGCCTAGACCCGCGCGTCTCCATCTACAGCACGCGCCGCCCGGTGTTGGCGCGCACCCACGTCCAGGGCCGCGTCTACAACTTCCTCGAGCGTCCCACCGGCTGGAAATGCTTCGTTTACCACTTCGCCGTCTTCCTCATCGTCCTGGTCTGCCTCATCTTCAGCGTGCTGTCCACCATCGAGCAGTATGCCGCCCTGGCCACGGGGACTCTCTTCTGGATGGAGATCGTGCTGGTGGTGTTCTTCGGGACGGAGTACGTGGTCCGCCTCTGGTCCGCCGGCTGCCGCAGCAAGTACGTGGGCCTCTGGGGGCGGCTGCGCTTTGCCCGGAAGCCCATTTCCATCATCGACCTCATCGTGGTCGTGGCCTCCATGGTGGTCCTCTGCGTGGGCTCCAAGGGGCAGGTGTTTGCCACGTCGGCCATCAGGGGCATCCGCTTCCTGCAGATCCTGAGGATGCTACACGTCGACCGCCAGGGAGGCACCTGGAGGCTCCTGGGCTCCGTGGTCTTCATCCACCGCCAGGAGCTGA,1,10,-1,0
54,177,KCNQ1,NM_000218,c.168_169insAT,antisens, ATGGCCGCGGCCTCCTCCCCGCCCAGGGCCGAGAGGAAGCGCTGGGGTTGGGGCCGCCTGCCAGGCGCCCGGCGGGGCAGCGCGGGCCTGGCCAAGAAGTGCCCCTTCTCGCTGGAGCTGGCGGAGGGCGGCCCGGCGGGCGGCGCGCTCTACGCGCCCATCGCGCCCATGGCGCCCCAGGTCCCGCGCCCCCTGCGTCCCCGGCCGCGCCCGCCGCGCCCCCAGTTGCCTCCGACCTTGGCCCGCGGCCGCCGGTGAGCCTAGACCCGCGCGTCTCCATCTACAGCACGCGCCGCCCGGTGTTGGCGCGCACCCACGTCCAGGGCCGCGTCTACAACTTCCTCGAGCGTCCCACCGGCTGGAAATGCTTCGTTTACCACTTCGCCGTCTTCCTCATCGTCCTGGTCTGCCTCATCTTCAGCGTGCTGTCCACCATCGAGCAGTATGCCGCCCTGGCCACGGGGACTCTCTTCTGGATGGAGATCGTGCTGGTGGTGTTCTTCGGGACGGAGTACGTGGTCCGCCTCTGGTCCGCCGGCTGCCGCAGCAAGTACGTGGGCCTCTGGGGGCGGCTGCGCTTTGCCCGGAAGCCCATTTCCATCATCGACCTCATCGTGGTCGTGGCCTCCATGGTGGTCCTCTGCGTGGGCTCCAAGGGGCAGGTGTTTGCCACGTCGGCCATCAGGGGCATCCGCTTCCTGCAGATCCTGAGGATGCTACACGTCGACCGCCAGGGAGGCACCTGGAGGCTCCTGGGCTCCGTGGTCTTCATCCACCGCCAGGAGCTGA,1,10,-1,0
55,180,KCNQ1,NM_000218,c.279delC,sens,ATGGCCGCGGCCTCCTCCCCGCCCAGGGCCGAGAGGAAGCGCTGGGGTTGGGGCCGCCTGCCAGGCGCCCGGCGGGGCAGCGCGGGCCTGGCCAAGAAGTGCCCCTTCTCGCTGGAGCTGGCGGAGGGCGGCCCGGCGGGCGGCGCGCTCTACGCGCCCATCGCGCCCGGCGCCCCAGGTCCCGCGCCCCCTGCGTCCCCGGCCGCGCCCGCCGCGCCCCCAGTTGCCTCCGACCTTGGCCCGCGGCCGCCGGTGAGCCTAGACCCGCGCGTCTCCATTACAGCACGCGCCGCCCGGTGTTGGCGCGCACCCACGTCCAGGGCCGCGTCTACAACTTCCTCGAGCGTCCCACCGGCTGGAAATGCTTCGTTTACCACTTCGCCGTCTTCCTCATCGTCCTGGTCTGCCTCATCTTCAGCGTGCTGTCCACCATCGAGCAGTATGCCGCCCTGGCCACGGGGACTCTCTTCTGGATGGAGATCGTGCTGGTGGTGTTCTTCGGGACGGAGTACGTGGTCCGCCTCTGGTCCGCCGGCTGCCGCAGCAAGTACGTGGGCCTCTGGGGGCGGCTGCGCTTTGCCCGGAAGCCCATTTCCATCATCGACCTCATCGTGGTCGTGGCCTCCATGGTGGTCCTCTGCGTGGGCTCCAAGGGGCAGGTGTTTGCCACGTCGGCCATCAGGGGCATCCGCTTCCTGCAGATCCTGAGGATGCTACACGTCGACCGCCAGGGAGGCACCTGGAGGCTCCTGGGCTCCGTGGTCTTCATCCACCGCCAGGAGCTGA,1,14,-1,0
56,181,KCNQ1,NM_000218,c.279delC,sens, ATGGCCGCGGCCTCCTCCCCGCCCAGGGCCGAGAGGAAGCGCTGGGGTTGGGGCCGCCTGCCAGGCGCCCGGCGGGGCAGCGCGGGCCTGGCCAAGAAGTGCCCCTTCTCGCTGGAGCTGGCGGAGGGCGGCCCGGCGGGCGGCGCGCTCTACGCGCCCATCGCGCCCGGCGCCCCAGGTCCCGCGCCCCCTGCGTCCCCGGCCGCGCCCGCCGCGCCCCCAGTTGCCTCCGACCTTGGCCCGCGGCCGCCGGTGAGCCTAGACCCGCGCGTCTCCATTACAGCACGCGCCGCCCGGTGTTGGCGCGCACCCACGTCCAGGGCCGCGTCTACAACTTCCTCGAGCGTCCCACCGGCTGGAAATGCTTCGTTTACCACTTCGCCGTCTTCCTCATCGTCCTGGTCTGCCTCATCTTCAGCGTGCTGTCCACCATCGAGCAGTATGCCGCCCTGGCCACGGGGACTCTCTTCTGGATGGAGATCGTGCTGGTGGTGTTCTTCGGGACGGAGTACGTGGTCCGCCTCTGGTCCGCCGGCTGCCGCAGCAAGTACGTGGGCCTCTGGGGGCGGCTGCGCTTTGCCCGGAAGCCCATTTCCATCATCGACCTCATCGTGGTCGTGGCCTCCATGGTGGTCCTCTGCGTGGGCTCCAAGGGGCAGGTGTTTGCCACGTCGGCCATCAGGGGCATCCGCTTCCTGCAGATCCTGAGGATGCTACACGTCGACCGCCAGGGAGGCACCTGGAGGCTCCTGGGCTCCGTGGTCTTCATCCACCGCCAGGAGCTGA,10,14,-1,0
57,182,KCNQ1,NM_000218,c.279delC,sens, ATGGCCGCGGCCTCCTCCCCGCCCAGGGCCGAGAGGAAGCGCTGGGGTTGGGGCCGCCTGCCAGGCGCCCGGCGGGGCAGCGCGGGCCTGGCCAAGAAGTGCCCCTTCTCGCTGGAGCTGGCGGAGGGCGGCCCGGCGGGCGGCGCGCTCTACGCGCCCATCGCGCCCGGCGCCCCAGGTCCCGCGCCCCCTGCGTCCCCGGCCGCGCCCGCCGCGCCCCCAGTTGCCTCCGACCTTGGCCCGCGGCCGCCGGTGAGCCTAGACCCGCGCGTCTCCATTACAGCACGCGCCGCCCGGTGTTGGCGCGCACCCACGTCCAGGGCCGCGTCTACAACTTCCTCGAGCGTCCCACCGGCTGGAAATGCTTCGTTTACCACTTCGCCGTCTTCCTCATCGTCCTGGTCTGCCTCATCTTCAGCGTGCTGTCCACCATCGAGCAGTATGCCGCCCTGGCCACGGGGACTCTCTTCTGGATGGAGATCGTGCTGGTGGTGTTCTTCGGGACGGAGTACGTGGTCCGCCTCTGGTCCGCCGGCTGCCGCAGCAAGTACGTGGGCCTCTGGGGGCGGCTGCGCTTTGCCCGGAAGCCCATTTCCATCATCGACCTCATCGTGGTCGTGGCCTCCATGGTGGTCCTCTGCGTGGGCTCCAAGGGGCAGGTGTTTGCCACGTCGGCCATCAGGGGCATCCGCTTCCTGCAGATCCTGAGGATGCTACACGTCGACCGCCAGGGAGGCACCTGGAGGCTCCTGGGCTCCGTGGTCTTCATCCACCGCCAGGAGCTGA,10,14,-1,0
58,183,KCNQ1,NM_000218,c.279delC,antisens,ATGGCCGCGGCCTCCTCCCCGCCCAGGGCCGAGAGGAAGCGCTGGGGTTGGGGCCGCCTGCCAGGCGCCCGGCGGGGCAGCGCGGGCCTGGCCAAGAAGTGCCCCTTCTCGCTGGAGCTGGCGGAGGGCGGCCCGGCGGGCGGCGCGCTCTACGCGCCCATCGCGCCCGGCGCCCCAGGTCCCGCGCCCCCTGCGTCCCCGGCCGCGCCCGCCGCGCCCCCAGTTGCCTCCGACCTTGGCCCGCGGCCGCCGGTGAGCCTAGACCCGCGCGTCTCCATTACAGCACGCGCCGCCCGGTGTTGGCGCGCACCCACGTCCAGGGCCGCGTCTACAACTTCCTCGAGCGTCCCACCGGCTGGAAATGCTTCGTTTACCACTTCGCCGTCTTCCTCATCGTCCTGGTCTGCCTCATCTTCAGCGTGCTGTCCACCATCGAGCAGTATGCCGCCCTGGCCACGGGGACTCTCTTCTGGATGGAGATCGTGCTGGTGGTGTTCTTCGGGACGGAGTACGTGGTCCGCCTCTGGTCCGCCGGCTGCCGCAGCAAGTACGTGGGCCTCTGGGGGCGGCTGCGCTTTGCCCGGAAGCCCATTTCCATCATCGACCTCATCGTGGTCGTGGCCTCCATGGTGGTCCTCTGCGTGGGCTCCAAGGGGCAGGTGTTTGCCACGTCGGCCATCAGGGGCATCCGCTTCCTGCAGATCCTGAGGATGCTACACGTCGACCGCCAGGGAGGCACCTGGAGGCTCCTGGGCTCCGTGGTCTTCATCCACCGCCAGGAGCTGA,1,10,-1,0
59,184,KCNQ1,NM_000218,c.279delC,antisens, ATGGCCGCGGCCTCCTCCCCGCCCAGGGCCGAGAGGAAGCGCTGGGGTTGGGGCCGCCTGCCAGGCGCCCGGCGGGGCAGCGCGGGCCTGGCCAAGAAGTGCCCCTTCTCGCTGGAGCTGGCGGAGGGCGGCCCGGCGGGCGGCGCGCTCTACGCGCCCATCGCGCCCGGCGCCCCAGGTCCCGCGCCCCCTGCGTCCCCGGCCGCGCCCGCCGCGCCCCCAGTTGCCTCCGACCTTGGCCCGCGGCCGCCGGTGAGCCTAGACCCGCGCGTCTCCATTACAGCACGCGCCGCCCGGTGTTGGCGCGCACCCACGTCCAGGGCCGCGTCTACAACTTCCTCGAGCGTCCCACCGGCTGGAAATGCTTCGTTTACCACTTCGCCGTCTTCCTCATCGTCCTGGTCTGCCTCATCTTCAGCGTGCTGTCCACCATCGAGCAGTATGCCGCCCTGGCCACGGGGACTCTCTTCTGGATGGAGATCGTGCTGGTGGTGTTCTTCGGGACGGAGTACGTGGTCCGCCTCTGGTCCGCCGGCTGCCGCAGCAAGTACGTGGGCCTCTGGGGGCGGCTGCGCTTTGCCCGGAAGCCCATTTCCATCATCGACCTCATCGTGGTCGTGGCCTCCATGGTGGTCCTCTGCGTGGGCTCCAAGGGGCAGGTGTTTGCCACGTCGGCCATCAGGGGCATCCGCTTCCTGCAGATCCTGAGGATGCTACACGTCGACCGCCAGGGAGGCACCTGGAGGCTCCTGGGCTCCGTGGTCTTCATCCACCGCCAGGAGCTGA,1,10,-1,0
60,185,KCNQ1,NM_000218,c.279delC,antisens, ATGGCCGCGGCCTCCTCCCCGCCCAGGGCCGAGAGGAAGCGCTGGGGTTGGGGCCGCCTGCCAGGCGCCCGGCGGGGCAGCGCGGGCCTGGCCAAGAAGTGCCCCTTCTCGCTGGAGCTGGCGGAGGGCGGCCCGGCGGGCGGCGCGCTCTACGCGCCCATCGCGCCCGGCGCCCCAGGTCCCGCGCCCCCTGCGTCCCCGGCCGCGCCCGCCGCGCCCCCAGTTGCCTCCGACCTTGGCCCGCGGCCGCCGGTGAGCCTAGACCCGCGCGTCTCCATTACAGCACGCGCCGCCCGGTGTTGGCGCGCACCCACGTCCAGGGCCGCGTCTACAACTTCCTCGAGCGTCCCACCGGCTGGAAATGCTTCGTTTACCACTTCGCCGTCTTCCTCATCGTCCTGGTCTGCCTCATCTTCAGCGTGCTGTCCACCATCGAGCAGTATGCCGCCCTGGCCACGGGGACTCTCTTCTGGATGGAGATCGTGCTGGTGGTGTTCTTCGGGACGGAGTACGTGGTCCGCCTCTGGTCCGCCGGCTGCCGCAGCAAGTACGTGGGCCTCTGGGGGCGGCTGCGCTTTGCCCGGAAGCCCATTTCCATCATCGACCTCATCGTGGTCGTGGCCTCCATGGTGGTCCTCTGCGTGGGCTCCAAGGGGCAGGTGTTTGCCACGTCGGCCATCAGGGGCATCCGCTTCCTGCAGATCCTGAGGATGCTACACGTCGACCGCCAGGGAGGCACCTGGAGGCTCCTGGGCTCCGTGGTCTTCATCCACCGCCAGGAGCTGA,1,10,-1,0
61,191,KCNQ1,NM_181798,c.121delG,antisens,ATGGCCTGGGGCTGTGAGAGGCCCGGGAAGGCACTGTCTTTGCGCCTGCACATGTGTGTGTCTGGAGTG,5,1,-1,0
62,197,KCNQ1,NM_181798,c.133_134insTGGTCCGCCTC,antisens,ATGGCCTGGGGCTGTGAGAGGCCCGGGAAGGCACTGTCTTTGCGCCTGCACATGTGTGTGTCTGGAGTG,5,1,-1,0
63,201,KCNQ1,NM_181798,c.189_193del,sens, ATGGCCTGGGGCTGTGAGAGGCCCGGGAAGGCACTGTCTTTGCGCCTGCACATGTGTGTGTCTGGAGTGTAGGATGGCACTGGTGCCGGGCCTGGATTTACTCAGCCCAGATCACGGCTGCTTTTGTTTACGTGGCCCCTGCTCTCACCCACAACTCCAGGTTTCTGGCTCTCGGGAATTTGAGGCCTGTGGCTGCTGTGGACCCTGGGAAAGAGCCTGTGCTTCCTGAGCCAGTGCGGGGCCTGGCATGGACTTCCTCATCGTCCTGGTCTGCCTCATCTTCAGCGTGCTGTCCACCATCGAGCAGTATGCCGCCCTGGCCACGGGGACTCTCTTCTGGATGGAGATCGTGCTGGTGGTGTTCTTCGGGACGGAGTACGTGGTCCGCCTCTGGTCCGCCGGCTGCCGCAGCAAGTACGTGGGCCTCTGGGGGCGGCTTTGCCCGGAAGCCCATTTCCATCATCGACCTCATCGTGGTCGTGGCCTCCATGGTGGTCCTCTGCGTGGGCTCCAAGGGGCAGGTGTTTGCCACGTCGGCCATCAGGGGCATCCGCTTCCTGCAGATCCTGAGGATGCTACACGTCGACCGCCAGGGAGGCACCTGGAGGCTCCTGGGCTCCGTGGTCTTCATCCACCGCCAGGAGCTGA,2,2,-1,0
64,203,KCNQ1,NM_181798,c.189_193del,sens, ATGGCCTGGGGCTGTGAGAGGCCCGGGAAGGCACTGTCTTTGCGCCTGCACATGTGTGTGTCTGGAGTGTAGGATGGCACTGGTGCCGGGCCTGGATTTACTCAGCCCAGATCACGGCTGCTTTTGTTTACGTGGCCCCTGCTCTCACCCACAACTCCAGGTTTCTGGCTCTCGGGAATTTGAGGCCTGTGGCTGCTGTGGACCCTGGGAAAGAGCCTGTGCTTCCTGAGCCAGTGCGGGGCCTGGCATGGACTTCCTCATCGTCCTGGTCTGCCTCATCTTCAGCGTGCTGTCCACCATCGAGCAGTATGCCGCCCTGGCCACGGGGACTCTCTTCTGGATGGAGATCGTGCTGGTGGTGTTCTTCGGGACGGAGTACGTGGTCCGCCTCTGGTCCGCCGGCTGCCGCAGCAAGTACGTGGGCCTCTGGGGGCGGCTTTGCCCGGAAGCCCATTTCCATCATCGACCTCATCGTGGTCGTGGCCTCCATGGTGGTCCTCTGCGTGGGCTCCAAGGGGCAGGTGTTTGCCACGTCGGCCATCAGGGGCATCCGCTTCCTGCAGATCCTGAGGATGCTACACGTCGACCGCCAGGGAGGCACCTGGAGGCTCCTGGGCTCCGTGGTCTTCATCCACCGCCAGGAGCTGA,2,2,-1,0
65,205,KCNQ1,NM_181798,c.189_193del,sens, ATGGCCTGGGGCTGTGAGAGGCCCGGGAAGGCACTGTCTTTGCGCCTGCACATGTGTGTGTCTGGAGTGTAGGATGGCACTGGTGCCGGGCCTGGATTTACTCAGCCCAGATCACGGCTGCTTTTGTTTACGTGGCCCCTGCTCTCACCCACAACTCCAGGTTTCTGGCTCTCGGGAATTTGAGGCCTGTGGCTGCTGTGGACCCTGGGAAAGAGCCTGTGCTTCCTGAGCCAGTGCGGGGCCTGGCATGGACTTCCTCATCGTCCTGGTCTGCCTCATCTTCAGCGTGCTGTCCACCATCGAGCAGTATGCCGCCCTGGCCACGGGGACTCTCTTCTGGATGGAGATCGTGCTGGTGGTGTTCTTCGGGACGGAGTACGTGGTCCGCCTCTGGTCCGCCGGCTGCCGCAGCAAGTACGTGGGCCTCTGGGGGCGGCTTTGCCCGGAAGCCCATTTCCATCATCGACCTCATCGTGGTCGTGGCCTCCATGGTGGTCCTCTGCGTGGGCTCCAAGGGGCAGGTGTTTGCCACGTCGGCCATCAGGGGCATCCGCTTCCTGCAGATCCTGAGGATGCTACACGTCGACCGCCAGGGAGGCACCTGGAGGCTCCTGGGCTCCGTGGTCTTCATCCACCGCCAGGAGCTGA,2,2,-1,0
66,206,KCNQ1,NM_181798,c.189_193del,antisens,ATGGCCTGGGGCTGTGAGAGGCCCGGGAAGGCACTGTCTTTGCGCCTGCACATGTGTGTGTCTGGAGTG,5,1,-1,0
67,207,KCNQ1,NM_181798,c.189_193del,antisens, ATGGCCTGGGGCTGTGAGAGGCCCGGGAAGGCACTGTCTTTGCGCCTGCACATGTGTGTGTCTGGAGTGTAGGATGGCACTGGTGCCGGGCCTGGATTTACTCAGCCCAGATCACGGCTGCTTTTGTTTACGTGGCCCCTGCTCTCACCCACAACTCCAGGTTTCTGGCTCTCGGGAATTTGAGGCCTGTGGCTGCTGTGGACCCTGGGAAAGAGCCTGTGCTTCCTGAGCCAGTGCGGGGCCTGGCATGGACTTCCTCATCGTCCTGGTCTGCCTCATCTTCAGCGTGCTGTCCACCATCGAGCAGTATGCCGCCCTGGCCACGGGGACTCTCTTCTGGATGGAGATCGTGCTGGTGGTGTTCTTCGGGACGGAGTACGTGGTCCGCCTCTGGTCCGCCGGCTGCCGCAGCAAGTACGTGGGCCTCTGGGGGCGGCTTTGCCCGGAAGCCCATTTCCATCATCGACCTCATCGTGGTCGTGGCCTCCATGGTGGTCCTCTGCGTGGGCTCCAAGGGGCAGGTGTTTGCCACGTCGGCCATCAGGGGCATCCGCTTCCTGCAGATCCTGAGGATGCTACACGTCGACCGCCAGGGAGGCACCTGGAGGCTCCTGGGCTCCGTGGTCTTCATCCACCGCCAGGAGCTGA,1,5,-1,0
68,209,KCNQ1,NM_181798,c.189_193del,antisens, ATGGCCTGGGGCTGTGAGAGGCCCGGGAAGGCACTGTCTTTGCGCCTGCACATGTGTGTGTCTGGAGTGTAGGATGGCACTGGTGCCGGGCCTGGATTTACTCAGCCCAGATCACGGCTGCTTTTGTTTACGTGGCCCCTGCTCTCACCCACAACTCCAGGTTTCTGGCTCTCGGGAATTTGAGGCCTGTGGCTGCTGTGGACCCTGGGAAAGAGCCTGTGCTTCCTGAGCCAGTGCGGGGCCTGGCATGGACTTCCTCATCGTCCTGGTCTGCCTCATCTTCAGCGTGCTGTCCACCATCGAGCAGTATGCCGCCCTGGCCACGGGGACTCTCTTCTGGATGGAGATCGTGCTGGTGGTGTTCTTCGGGACGGAGTACGTGGTCCGCCTCTGGTCCGCCGGCTGCCGCAGCAAGTACGTGGGCCTCTGGGGGCGGCTTTGCCCGGAAGCCCATTTCCATCATCGACCTCATCGTGGTCGTGGCCTCCATGGTGGTCCTCTGCGTGGGCTCCAAGGGGCAGGTGTTTGCCACGTCGGCCATCAGGGGCATCCGCTTCCTGCAGATCCTGAGGATGCTACACGTCGACCGCCAGGGAGGCACCTGGAGGCTCCTGGGCTCCGTGGTCTTCATCCACCGCCAGGAGCTGA,1,5,-1,0
69,211,KCNQ1,NM_181798,c.189_193del,antisens, ATGGCCTGGGGCTGTGAGAGGCCCGGGAAGGCACTGTCTTTGCGCCTGCACATGTGTGTGTCTGGAGTGTAGGATGGCACTGGTGCCGGGCCTGGATTTACTCAGCCCAGATCACGGCTGCTTTTGTTTACGTGGCCCCTGCTCTCACCCACAACTCCAGGTTTCTGGCTCTCGGGAATTTGAGGCCTGTGGCTGCTGTGGACCCTGGGAAAGAGCCTGTGCTTCCTGAGCCAGTGCGGGGCCTGGCATGGACTTCCTCATCGTCCTGGTCTGCCTCATCTTCAGCGTGCTGTCCACCATCGAGCAGTATGCCGCCCTGGCCACGGGGACTCTCTTCTGGATGGAGATCGTGCTGGTGGTGTTCTTCGGGACGGAGTACGTGGTCCGCCTCTGGTCCGCCGGCTGCCGCAGCAAGTACGTGGGCCTCTGGGGGCGGCTTTGCCCGGAAGCCCATTTCCATCATCGACCTCATCGTGGTCGTGGCCTCCATGGTGGTCCTCTGCGTGGGCTCCAAGGGGCAGGTGTTTGCCACGTCGGCCATCAGGGGCATCCGCTTCCTGCAGATCCTGAGGATGCTACACGTCGACCGCCAGGGAGGCACCTGGAGGCTCCTGGGCTCCGTGGTCTTCATCCACCGCCAGGAGCTGA,1,5,-1,0
70,215,KCNQ1,NM_181798,c.362_363insGA,antisens,ATGGCCTGGGGCTGTGAGAGGCCCGGGAAGGCACTGTCTTTGCGCCTGCACATGTGTGTGTCTGGAGTG,5,1,-1,0
71,221,KCNQ1,NM_181798,c.445delT,antisens,ATGGCCTGGGGCTGTGAGAGGCCCGGGAAGGCACTGTCTTTGCGCCTGCACATGTGTGTGTCTGGAGTG,5,1,-1,0
72,227,KCNQ1,NM_181798,c.616_619del,antisens,ATGGCCTGGGGCTGTGAGAGGCCCGGGAAGGCACTGTCTTTGCGCCTGCACATGTGTGTGTCTGGAGTG,5,1,-1,0
73,233,KCNQ1,NM_181798,c.626delC,antisens,ATGGCCTGGGGCTGTGAGAGGCCCGGGAAGGCACTGTCTTTGCGCCTGCACATGTGTGTGTCTGGAGTG,5,1,-1,0
74,239,KCNQ1,NM_181798,c.691dupA,antisens,ATGGCCTGGGGCTGTGAGAGGCCCGGGAAGGCACTGTCTTTGCGCCTGCACATGTGTGTGTCTGGAGTG,5,1,-1,0
75,245,KCNQ1,NM_181798,c.740_743del,antisens,ATGGCCTGGGGCTGTGAGAGGCCCGGGAAGGCACTGTCTTTGCGCCTGCACATGTGTGTGTCTGGAGTG,5,1,-1,0
76,251,KCNQ1,NM_181798,c.815dupC,antisens,ATGGCCTGGGGCTGTGAGAGGCCCGGGAAGGCACTGTCTTTGCGCCTGCACATGTGTGTGTCTGGAGTG,5,1,-1,0
77,257,KCNQ1,NM_181798,c.815delC,antisens,ATGGCCTGGGGCTGTGAGAGGCCCGGGAAGGCACTGTCTTTGCGCCTGCACATGTGTGTGTCTGGAGTG,5,1,-1,0
78,263,KCNQ1,NM_181798,c.858delG,antisens,ATGGCCTGGGGCTGTGAGAGGCCCGGGAAGGCACTGTCTTTGCGCCTGCACATGTGTGTGTCTGGAGTG,5,1,-1,0
79,269,KCNQ1,NM_181798,c.877dupA,antisens,ATGGCCTGGGGCTGTGAGAGGCCCGGGAAGGCACTGTCTTTGCGCCTGCACATGTGTGTGTCTGGAGTG,5,1,-1,0
80,275,KCNQ1,NM_181798,c.877delA,antisens,ATGGCCTGGGGCTGTGAGAGGCCCGGGAAGGCACTGTCTTTGCGCCTGCACATGTGTGTGTCTGGAGTG,5,1,-1,0
81,281,KCNQ1,NM_181798,c.907dupG,antisens,ATGGCCTGGGGCTGTGAGAGGCCCGGGAAGGCACTGTCTTTGCGCCTGCACATGTGTGTGTCTGGAGTG,5,1,-1,0
82,287,KCNQ1,NM_181798,c.957dupC,antisens,ATGGCCTGGGGCTGTGAGAGGCCCGGGAAGGCACTGTCTTTGCGCCTGCACATGTGTGTGTCTGGAGTG,5,1,-1,0
83,293,KCNQ1,NM_181798,c.957delC,antisens,ATGGCCTGGGGCTGTGAGAGGCCCGGGAAGGCACTGTCTTTGCGCCTGCACATGTGTGTGTCTGGAGTG,5,1,-1,0
84,299,KCNQ1,NM_181798,c.1064delC,antisens,ATGGCCTGGGGCTGTGAGAGGCCCGGGAAGGCACTGTCTTTGCGCCTGCACATGTGTGTGTCTGGAGTG,5,1,-1,0
85,305,KCNQ1,NM_181798,c.1146delC,antisens,ATGGCCTGGGGCTGTGAGAGGCCCGGGAAGGCACTGTCTTTGCGCCTGCACATGTGTGTGTCTGGAGTG,5,1,-1,0
86,311,KCNQ1,NM_181798,c.1402delG,antisens,ATGGCCTGGGGCTGTGAGAGGCCCGGGAAGGCACTGTCTTTGCGCCTGCACATGTGTGTGTCTGGAGTG,5,1,-1,0
87,317,KCNQ1,NM_181798,c.1506dupC,antisens,ATGGCCTGGGGCTGTGAGAGGCCCGGGAAGGCACTGTCTTTGCGCCTGCACATGTGTGTGTCTGGAGTG,5,1,-1,0
88,323,KCNQ1,NM_181798,c.1506delC,antisens,ATGGCCTGGGGCTGTGAGAGGCCCGGGAAGGCACTGTCTTTGCGCCTGCACATGTGTGTGTCTGGAGTG,5,1,-1,0
89,329,KCNQ1,NM_181798,c.1513dupA,antisens,ATGGCCTGGGGCTGTGAGAGGCCCGGGAAGGCACTGTCTTTGCGCCTGCACATGTGTGTGTCTGGAGTG,5,1,-1,0
90,335,KCNQ1,NM_181798,c.1526delC,antisens,ATGGCCTGGGGCTGTGAGAGGCCCGGGAAGGCACTGTCTTTGCGCCTGCACATGTGTGTGTCTGGAGTG,5,1,-1,0
91,341,KCNQ1,NM_181798,c.1593_1600del,antisens,ATGGCCTGGGGCTGTGAGAGGCCCGGGAAGGCACTGTCTTTGCGCCTGCACATGTGTGTGTCTGGAGTG,5,1,-1,0
92,347,KCNQ1,NM_181798,c.1626_1638del,antisens,ATGGCCTGGGGCTGTGAGAGGCCCGGGAAGGCACTGTCTTTGCGCCTGCACATGTGTGTGTCTGGAGTG,5,1,-1,0
