;gene;transcript;mutation;sens;ORF;Pos_mut_fs;Pos_mut_ATI;Kosak_strength;PhyloP_score
0;KCNQ4;NM_004700;c.11dupC;sens;ATGCGTCTCTGAGCGCCCCGAGCGCGCCCCCGCCCCGGACCGTGCCCGGGCCCCGGCGCCCCCAGCCCGGCGCCGCCCATGGCCGAGGCCCCCCCCGCGCCGCCTCGGCCTGGGTCCCCCGCCCGGGGACGCCCCCCGCGCGGAGCTAGTGGCGCTCACGGCCGTGCAGAGCGAACAGGGCGAGGCGGGCGGGGGCGGCTCCCCGCGCCGCCTCGGCCTCCTGGGCAGCCCCCTGCCGCCGGGCGCGCCCCTCCCTGGGCCGGGCTCCGGCTCGGGCTCCGCCTGCGGCCAGCGCTCCTCGGCCGCGCACAAGCGCTACCGCCGCCTGCAGAACTGGGTCTACAACGTGCTGGAGCGGCCCCGCGGCTGGGCCTTCGTCTACCACGTCTTCATATTTTTGCTGGTCTTCAGCTGCCTGGTGCTGTCTGTGCTGTCCACTATCCAGGAGCACCAGGAACTTGCCAACGAGTGTCTCCTCATCTTGGAATTCGTGATGATCGTGGTTTTCGGCTTGGAGTACATCGTCCGGGTCTGGTCCGCCGGATGCTGCTGCCGCTACCGAGGATGGCAGGGTCGCTTCCGCTTTGCCAGAAAGCCCTTCTGTGTCATCGACTTCATCGTGTTCGTGGCCTCGGTGGCCGTCATCGCCGCGGGTACCCAGGGCAACATCTTCGCCACGTCCGCGCTGCGCAGCATGCGCTTCCTGCAGATCCTGCGCATGGTGCGCATGGACCGCCGCGGCGGCACCTGGAAGCTGCTGGGCTCAGTGGTCTACGCGCATAGCAAGGAGCTGATCACCGCCTGGTACATCGGGTTCCTGGTGCTCATCTTCGCCTCCTTCCTGGTCTACCTGGCTGAGAAGGACGCCAACTCCGACTTCTCCTCCTACGCCGACTCGCTCTGGTGGGGGACGATTACATTGACAACCATCGGCTATGGTGACAAGACACCGCACACATGGCTGGGCAGGGTCCTGGCTGCTGGCTTCGCCTTACTGGGCATCTCTTTCTTTGCCCTGCCTGCCGGCATCCTAGGCTCCGGCTTTGCCCTGAAGGTCCAGGAGCAGCACCGGCAGAAGCACTTCGAGAAGCGGAGGATGCCGGCAGCCAACCTCATCCAGGCTGCCTGGCGCCTGTACTCCACCGATATGAGCCGGGCCTACCTGACAGCCACCTGGTACTACTATGACAGTATCCTCCCATCCTTCAGAGAGCTGGCCCTCTTGTTTGAGCACGTGCAACGGGCCCGCAATGGGGGCCTACGGCCCCTGGAGGTGCGGCGGGCGCCGGTACCCGACGGAGCACCCTCCCGTTACCCGCCCGTTGCCACCTGCCACCGGCCGGGCAGCACCTCCTTCTGCCCTGGGGAAAGCAGCCGGATGGGCATCAAAGACCGCATCCGCATGGGCAGCTCCCAGCGGCGGACGGGTCCTTCCAAGCAGCATCTGGCACCTCCAACAATGCCCACCTCCCCAAGCAGCGAGCAGGTGGGTGAGGCCACCAGCCCCACCAAGGTGCAAAAGAGCTGGAGCTTCAATGACCGCACCCGCTTCCGGGCATCTCTGAGACTCAAACCCCGCACCTCTGCTGAGGATGCCCCCTCAGAGGAAGTAGCAGAGGAGAAGAGCTACCAGTGTGAGCTCACGGTGGACGACATCATGCCTGCTGTGAAGACAGTCATCCGCTCCATCAGGATTCTCAAGTTCCTGGTGGCCAAAAGGAAATTCAAGGAGACACTGCGACCGTACGACGTGAAGGACGTCATTGAGCAGTACTCAGCAGGCCACCTGGACATGCTGGGCCGGATCAAGAGCCTGCAAACTCGGGTGGACCAAATTGTGGGTCGGGGGCCCGGGGACAGGAAGGCCCGGGAGAAGGGCGACAAGGGGCCCTCCGACGCGGAGGTGGTGGATGAAATCAGCATGATGGGACGCGTGGTCAAGGTGGAGAAGCAGGTGCAGTCCATCGAGCACAAGCTGGACCTGCTGTTGGGCTTCTATTCGCGCTGCCTGCGCTCTGGCACCTCGGCCAGCCTGGGCGCCGTGCAAGTGCCGCTGTTCGACCCCGACATCACCTCCGACTACCACAGCCCTGTGGACCACGAGGACATCTCCGTCTCCGCACAGACGCTCAGCATCTCCCGCTCGGTCAGCACCAACATGGACTGAGGGACTTCTCAGAGGCAGGGCAGCACACGGCCAGCCCCGCGGCCTGGCGCTCCGACTGCCCTCTGAGGCCTCCGGACTCCTCTCGTACTTGAACTCACTCCCTCACGGGGAGAGAGACCACACGCAGTATTGAGCTGCCTGAGTGGGCGTGGTACCTGCTGTGGGTGCCAGCGCCCCTTCCCCACCTCAGGAGCGTGAGATGCCAGGTCGCACAGAGGGCAGCAGCAGCGGCCGTCCCGCGGCCTCTGGGCCCCCCAGTGCCCTGCCCACTCCATCAAGGCCCTATGTGGCCCACCTGGCAGGGGCACAGCCCCGGGAGTGGGAGCGGGCGCTGGGGCCCTGGGCCCTGACCCAGCTTCCAGCTATGCAAGGTGAGGTCTCTGGCCCACCCTTCGGACACAGCAGGGAAGCCCTCCCGCCAAGTCCCCGCCCCACTTGGGGGTGGGCCAAGGTGCCCCCACAGGTACCCACAAAGCACAGGACCCTGCCACAAGGCAGGTGGACACCATATATGCAAACCATGT;1;5;3;2
1;KCNQ4;NM_004700;c.11dupC;sens; ATGCGTCTCTGAGCGCCCCGAGCGCGCCCCCGCCCCGGACCGTGCCCGGGCCCCGGCGCCCCCAGCCCGGCGCCGCCCATGGCCGAGGCCCCCCCCGCGCCGCCTCGGCCTGGGTCCCCCGCCCGGGGACGCCCCCCGCGCGGAGCTAGTGGCGCTCACGGCCGTGCAGAGCGAACAGGGCGAGGCGGGCGGGGGCGGCTCCCCGCGCCGCCTCGGCCTCCTGGGCAGCCCCCTGCCGCCGGGCGCGCCCCTCCCTGGGCCGGGCTCCGGCTCGGGCTCCGCCTGCGGCCAGCGCTCCTCGGCCGCGCACAAGCGCTACCGCCGCCTGCAGAACTGGGTCTACAACGTGCTGGAGCGGCCCCGCGGCTGGGCCTTCGTCTACCACGTCTTCATATTTTTGCTGGTCTTCAGCTGCCTGGTGCTGTCTGTGCTGTCCACTATCCAGGAGCACCAGGAACTTGCCAACGAGTGTCTCCTCATCTTGGAATTCGTGATGATCGTGGTTTTCGGCTTGGAGTACATCGTCCGGGTCTGGTCCGCCGGATGCTGCTGCCGCTACCGAGGATGGCAGGGTCGCTTCCGCTTTGCCAGAAAGCCCTTCTGTGTCATCGACTTCATCGTGTTCGTGGCCTCGGTGGCCGTCATCGCCGCGGGTACCCAGGGCAACATCTTCGCCACGTCCGCGCTGCGCAGCATGCGCTTCCTGCAGATCCTGCGCATGGTGCGCATGGACCGCCGCGGCGGCACCTGGAAGCTGCTGGGCTCAGTGGTCTACGCGCATAGCAAGGAGCTGATCACCGCCTGGTACATCGGGTTCCTGGTGCTCATCTTCGCCTCCTTCCTGGTCTACCTGGCTGAGAAGGACGCCAACTCCGACTTCTCCTCCTACGCCGACTCGCTCTGGTGGGGGACGATTACATTGACAACCATCGGCTATGGTGACAAGACACCGCACACATGGCTGGGCAGGGTCCTGGCTGCTGGCTTCGCCTTACTGGGCATCTCTTTCTTTGCCCTGCCTGCCGGCATCCTAGGCTCCGGCTTTGCCCTGAAGGTCCAGGAGCAGCACCGGCAGAAGCACTTCGAGAAGCGGAGGATGCCGGCAGCCAACCTCATCCAGGCTGCCTGGCGCCTGTACTCCACCGATATGAGCCGGGCCTACCTGACAGCCACCTGGTACTACTATGACAGTATCCTCCCATCCTTCAGAGAGCTGGCCCTCTTGTTTGAGCACGTGCAACGGGCCCGCAATGGGGGCCTACGGCCCCTGGAGGTGCGGCGGGCGCCGGTACCCGACGGAGCACCCTCCCGTTACCCGCCCGTTGCCACCTGCCACCGGCCGGGCAGCACCTCCTTCTGCCCTGGGGAAAGCAGCCGGATGGGCATCAAAGACCGCATCCGCATGGGCAGCTCCCAGCGGCGGACGGGTCCTTCCAAGCAGCATCTGGCACCTCCAACAATGCCCACCTCCCCAAGCAGCGAGCAGGTGGGTGAGGCCACCAGCCCCACCAAGGTGCAAAAGAGCTGGAGCTTCAATGACCGCACCCGCTTCCGGGCATCTCTGAGACTCAAACCCCGCACCTCTGCTGAGGATGCCCCCTCAGAGGAAGTAGCAGAGGAGAAGAGCTACCAGTGTGAGCTCACGGTGGACGACATCATGCCTGCTGTGAAGACAGTCATCCGCTCCATCAGGATTCTCAAGTTCCTGGTGGCCAAAAGGAAATTCAAGGAGACACTGCGACCGTACGACGTGAAGGACGTCATTGAGCAGTACTCAGCAGGCCACCTGGACATGCTGGGCCGGATCAAGAGCCTGCAAACTCGGGTGGACCAAATTGTGGGTCGGGGGCCCGGGGACAGGAAGGCCCGGGAGAAGGGCGACAAGGGGCCCTCCGACGCGGAGGTGGTGGATGAAATCAGCATGATGGGACGCGTGGTCAAGGTGGAGAAGCAGGTGCAGTCCATCGAGCACAAGCTGGACCTGCTGTTGGGCTTCTATTCGCGCTGCCTGCGCTCTGGCACCTCGGCCAGCCTGGGCGCCGTGCAAGTGCCGCTGTTCGACCCCGACATCACCTCCGACTACCACAGCCCTGTGGACCACGAGGACATCTCCGTCTCCGCACAGACGCTCAGCATCTCCCGCTCGGTCAGCACCAACATGGACTGAGGGACTTCTCAGAGGCAGGGCAGCACACGGCCAGCCCCGCGGCCTGGCGCTCCGACTGCCCTCTGAGGCCTCCGGACTCCTCTCGTACTTGAACTCACTCCCTCACGGGGAGAGAGACCACACGCAGTATTGAGCTGCCTGAGTGGGCGTGGTACCTGCTGTGGGTGCCAGCGCCCCTTCCCCACCTCAGGAGCGTGAGATGCCAGGTCGCACAGAGGGCAGCAGCAGCGGCCGTCCCGCGGCCTCTGGGCCCCCCAGTGCCCTGCCCACTCCATCAAGGCCCTATGTGGCCCACCTGGCAGGGGCACAGCCCCGGGAGTGGGAGCGGGCGCTGGGGCCCTGGGCCCTGACCCAGCTTCCAGCTATGCAAGGTGAGGTCTCTGGCCCACCCTTCGGACACAGCAGGGAAGCCCTCCCGCCAAGTCCCCGCCCCACTTGGGGGTGGGCCAAGGTGCCCCCACAGGTACCCACAAAGCACAGGACCCTGCCACAAGGCAGGTGGACACCATATATGCAAACCATGT;2;5;3;2
2;KCNQ4;NM_004700;c.11dupC;sens; ATGCGTCTCTGAGCGCCCCGAGCGCGCCCCCGCCCCGGACCGTGCCCGGGCCCCGGCGCCCCCAGCCCGGCGCCGCCCATGGCCGAGGCCCCCCCCGCGCCGCCTCGGCCTGGGTCCCCCGCCCGGGGACGCCCCCCGCGCGGAGCTAGTGGCGCTCACGGCCGTGCAGAGCGAACAGGGCGAGGCGGGCGGGGGCGGCTCCCCGCGCCGCCTCGGCCTCCTGGGCAGCCCCCTGCCGCCGGGCGCGCCCCTCCCTGGGCCGGGCTCCGGCTCGGGCTCCGCCTGCGGCCAGCGCTCCTCGGCCGCGCACAAGCGCTACCGCCGCCTGCAGAACTGGGTCTACAACGTGCTGGAGCGGCCCCGCGGCTGGGCCTTCGTCTACCACGTCTTCATATTTTTGCTGGTCTTCAGCTGCCTGGTGCTGTCTGTGCTGTCCACTATCCAGGAGCACCAGGAACTTGCCAACGAGTGTCTCCTCATCTTGGAATTCGTGATGATCGTGGTTTTCGGCTTGGAGTACATCGTCCGGGTCTGGTCCGCCGGATGCTGCTGCCGCTACCGAGGATGGCAGGGTCGCTTCCGCTTTGCCAGAAAGCCCTTCTGTGTCATCGACTTCATCGTGTTCGTGGCCTCGGTGGCCGTCATCGCCGCGGGTACCCAGGGCAACATCTTCGCCACGTCCGCGCTGCGCAGCATGCGCTTCCTGCAGATCCTGCGCATGGTGCGCATGGACCGCCGCGGCGGCACCTGGAAGCTGCTGGGCTCAGTGGTCTACGCGCATAGCAAGGAGCTGATCACCGCCTGGTACATCGGGTTCCTGGTGCTCATCTTCGCCTCCTTCCTGGTCTACCTGGCTGAGAAGGACGCCAACTCCGACTTCTCCTCCTACGCCGACTCGCTCTGGTGGGGGACGATTACATTGACAACCATCGGCTATGGTGACAAGACACCGCACACATGGCTGGGCAGGGTCCTGGCTGCTGGCTTCGCCTTACTGGGCATCTCTTTCTTTGCCCTGCCTGCCGGCATCCTAGGCTCCGGCTTTGCCCTGAAGGTCCAGGAGCAGCACCGGCAGAAGCACTTCGAGAAGCGGAGGATGCCGGCAGCCAACCTCATCCAGGCTGCCTGGCGCCTGTACTCCACCGATATGAGCCGGGCCTACCTGACAGCCACCTGGTACTACTATGACAGTATCCTCCCATCCTTCAGAGAGCTGGCCCTCTTGTTTGAGCACGTGCAACGGGCCCGCAATGGGGGCCTACGGCCCCTGGAGGTGCGGCGGGCGCCGGTACCCGACGGAGCACCCTCCCGTTACCCGCCCGTTGCCACCTGCCACCGGCCGGGCAGCACCTCCTTCTGCCCTGGGGAAAGCAGCCGGATGGGCATCAAAGACCGCATCCGCATGGGCAGCTCCCAGCGGCGGACGGGTCCTTCCAAGCAGCATCTGGCACCTCCAACAATGCCCACCTCCCCAAGCAGCGAGCAGGTGGGTGAGGCCACCAGCCCCACCAAGGTGCAAAAGAGCTGGAGCTTCAATGACCGCACCCGCTTCCGGGCATCTCTGAGACTCAAACCCCGCACCTCTGCTGAGGATGCCCCCTCAGAGGAAGTAGCAGAGGAGAAGAGCTACCAGTGTGAGCTCACGGTGGACGACATCATGCCTGCTGTGAAGACAGTCATCCGCTCCATCAGGATTCTCAAGTTCCTGGTGGCCAAAAGGAAATTCAAGGAGACACTGCGACCGTACGACGTGAAGGACGTCATTGAGCAGTACTCAGCAGGCCACCTGGACATGCTGGGCCGGATCAAGAGCCTGCAAACTCGGGTGGACCAAATTGTGGGTCGGGGGCCCGGGGACAGGAAGGCCCGGGAGAAGGGCGACAAGGGGCCCTCCGACGCGGAGGTGGTGGATGAAATCAGCATGATGGGACGCGTGGTCAAGGTGGAGAAGCAGGTGCAGTCCATCGAGCACAAGCTGGACCTGCTGTTGGGCTTCTATTCGCGCTGCCTGCGCTCTGGCACCTCGGCCAGCCTGGGCGCCGTGCAAGTGCCGCTGTTCGACCCCGACATCACCTCCGACTACCACAGCCCTGTGGACCACGAGGACATCTCCGTCTCCGCACAGACGCTCAGCATCTCCCGCTCGGTCAGCACCAACATGGACTGAGGGACTTCTCAGAGGCAGGGCAGCACACGGCCAGCCCCGCGGCCTGGCGCTCCGACTGCCCTCTGAGGCCTCCGGACTCCTCTCGTACTTGAACTCACTCCCTCACGGGGAGAGAGACCACACGCAGTATTGAGCTGCCTGAGTGGGCGTGGTACCTGCTGTGGGTGCCAGCGCCCCTTCCCCACCTCAGGAGCGTGAGATGCCAGGTCGCACAGAGGGCAGCAGCAGCGGCCGTCCCGCGGCCTCTGGGCCCCCCAGTGCCCTGCCCACTCCATCAAGGCCCTATGTGGCCCACCTGGCAGGGGCACAGCCCCGGGAGTGGGAGCGGGCGCTGGGGCCCTGGGCCCTGACCCAGCTTCCAGCTATGCAAGGTGAGGTCTCTGGCCCACCCTTCGGACACAGCAGGGAAGCCCTCCCGCCAAGTCCCCGCCCCACTTGGGGGTGGGCCAAGGTGCCCCCACAGGTACCCACAAAGCACAGGACCCTGCCACAAGGCAGGTGGACACCATATATGCAAACCATGT;2;5;3;2
6;KCNQ4;NM_004700;c.46delG;sens;ATGCGTCTCTGAGCGCCCCGAGCGCGCCCCCGCCCCGGACCGTGCCCGGGCCCCGGCGCCCCCAGCCCGGCGCCGCCCATGGCCGAGGCCCCCCCGCGCCGCCTCGGCCTGGGTCCCCCGCCCGGGACGCCCCCCGCGCGGAGC;5;2;3;2
9;KCNQ4;NM_004700;c.46delG;antisens;ATGCGTCTCTGAGCGCCCCGAGCGCGCCCCCGCCCCGGACCGTGCCCGGGCCCCGGCGCCCCCAGCCCGGCGCCGCCCATGGCCGAGGCCCCCCCGCGCCGCCTCGGCCTGGGTCCCCCGCCCGGGACGCCCCCCGCGCGGAGC;5;1;-1;2
12;KCNQ4;NM_004700;c.53dupC;sens;ATGCGTCTCTGAGCGCCCCGAGCGCGCCCCCGCCCCGGACCGTGCCCGGGCCCCGGCGCCCCCAGCCCGGCGCCGCCCATGGCCGAGGCCCCCCCGCGCCGCCTCGGCCTGGGTCCCCCGCCCGGGGACGCCCCCCCGCGCGGAGCTAGTGGCGCTCACGGCCGTGCAGAGCGAACAGGGCGAGGCGGGCGGGGGCGGCTCCCCGCGCCGCCTCGGCCTCCTGGGCAGCCCCCTGCCGCCGGGCGCGCCCCTCCCTGGGCCGGGCTCCGGCTCGGGCTCCGCCTGCGGCCAGCGCTCCTCGGCCGCGCACAAGCGCTACCGCCGCCTGCAGAACTGGGTCTACAACGTGCTGGAGCGGCCCCGCGGCTGGGCCTTCGTCTACCACGTCTTCATATTTTTGCTGGTCTTCAGCTGCCTGGTGCTGTCTGTGCTGTCCACTATCCAGGAGCACCAGGAACTTGCCAACGAGTGTCTCCTCATCTTGGAATTCGTGATGATCGTGGTTTTCGGCTTGGAGTACATCGTCCGGGTCTGGTCCGCCGGATGCTGCTGCCGCTACCGAGGATGGCAGGGTCGCTTCCGCTTTGCCAGAAAGCCCTTCTGTGTCATCGACTTCATCGTGTTCGTGGCCTCGGTGGCCGTCATCGCCGCGGGTACCCAGGGCAACATCTTCGCCACGTCCGCGCTGCGCAGCATGCGCTTCCTGCAGATCCTGCGCATGGTGCGCATGGACCGCCGCGGCGGCACCTGGAAGCTGCTGGGCTCAGTGGTCTACGCGCATAGCAAGGAGCTGATCACCGCCTGGTACATCGGGTTCCTGGTGCTCATCTTCGCCTCCTTCCTGGTCTACCTGGCTGAGAAGGACGCCAACTCCGACTTCTCCTCCTACGCCGACTCGCTCTGGTGGGGGACGATTACATTGACAACCATCGGCTATGGTGACAAGACACCGCACACATGGCTGGGCAGGGTCCTGGCTGCTGGCTTCGCCTTACTGGGCATCTCTTTCTTTGCCCTGCCTGCCGGCATCCTAGGCTCCGGCTTTGCCCTGAAGGTCCAGGAGCAGCACCGGCAGAAGCACTTCGAGAAGCGGAGGATGCCGGCAGCCAACCTCATCCAGGCTGCCTGGCGCCTGTACTCCACCGATATGAGCCGGGCCTACCTGACAGCCACCTGGTACTACTATGACAGTATCCTCCCATCCTTCAGAGAGCTGGCCCTCTTGTTTGAGCACGTGCAACGGGCCCGCAATGGGGGCCTACGGCCCCTGGAGGTGCGGCGGGCGCCGGTACCCGACGGAGCACCCTCCCGTTACCCGCCCGTTGCCACCTGCCACCGGCCGGGCAGCACCTCCTTCTGCCCTGGGGAAAGCAGCCGGATGGGCATCAAAGACCGCATCCGCATGGGCAGCTCCCAGCGGCGGACGGGTCCTTCCAAGCAGCATCTGGCACCTCCAACAATGCCCACCTCCCCAAGCAGCGAGCAGGTGGGTGAGGCCACCAGCCCCACCAAGGTGCAAAAGAGCTGGAGCTTCAATGACCGCACCCGCTTCCGGGCATCTCTGAGACTCAAACCCCGCACCTCTGCTGAGGATGCCCCCTCAGAGGAAGTAGCAGAGGAGAAGAGCTACCAGTGTGAGCTCACGGTGGACGACATCATGCCTGCTGTGAAGACAGTCATCCGCTCCATCAGGATTCTCAAGTTCCTGGTGGCCAAAAGGAAATTCAAGGAGACACTGCGACCGTACGACGTGAAGGACGTCATTGAGCAGTACTCAGCAGGCCACCTGGACATGCTGGGCCGGATCAAGAGCCTGCAAACTCGGGTGGACCAAATTGTGGGTCGGGGGCCCGGGGACAGGAAGGCCCGGGAGAAGGGCGACAAGGGGCCCTCCGACGCGGAGGTGGTGGATGAAATCAGCATGATGGGACGCGTGGTCAAGGTGGAGAAGCAGGTGCAGTCCATCGAGCACAAGCTGGACCTGCTGTTGGGCTTCTATTCGCGCTGCCTGCGCTCTGGCACCTCGGCCAGCCTGGGCGCCGTGCAAGTGCCGCTGTTCGACCCCGACATCACCTCCGACTACCACAGCCCTGTGGACCACGAGGACATCTCCGTCTCCGCACAGACGCTCAGCATCTCCCGCTCGGTCAGCACCAACATGGACTGAGGGACTTCTCAGAGGCAGGGCAGCACACGGCCAGCCCCGCGGCCTGGCGCTCCGACTGCCCTCTGAGGCCTCCGGACTCCTCTCGTACTTGAACTCACTCCCTCACGGGGAGAGAGACCACACGCAGTATTGAGCTGCCTGAGTGGGCGTGGTACCTGCTGTGGGTGCCAGCGCCCCTTCCCCACCTCAGGAGCGTGAGATGCCAGGTCGCACAGAGGGCAGCAGCAGCGGCCGTCCCGCGGCCTCTGGGCCCCCCAGTGCCCTGCCCACTCCATCAAGGCCCTATGTGGCCCACCTGGCAGGGGCACAGCCCCGGGAGTGGGAGCGGGCGCTGGGGCCCTGGGCCCTGACCCAGCTTCCAGCTATGCAAGGTGAGGTCTCTGGCCCACCCTTCGGACACAGCAGGGAAGCCCTCCCGCCAAGTCCCCGCCCCACTTGGGGGTGGGCCAAGGTGCCCCCACAGGTACCCACAAAGCACAGGACCCTGCCACAAGGCAGGTGGACACCATATATGCAAACCATGT;1;5;-1;0
13;KCNQ4;NM_004700;c.53dupC;sens; ATGCGTCTCTGAGCGCCCCGAGCGCGCCCCCGCCCCGGACCGTGCCCGGGCCCCGGCGCCCCCAGCCCGGCGCCGCCCATGGCCGAGGCCCCCCCGCGCCGCCTCGGCCTGGGTCCCCCGCCCGGGGACGCCCCCCCGCGCGGAGCTAGTGGCGCTCACGGCCGTGCAGAGCGAACAGGGCGAGGCGGGCGGGGGCGGCTCCCCGCGCCGCCTCGGCCTCCTGGGCAGCCCCCTGCCGCCGGGCGCGCCCCTCCCTGGGCCGGGCTCCGGCTCGGGCTCCGCCTGCGGCCAGCGCTCCTCGGCCGCGCACAAGCGCTACCGCCGCCTGCAGAACTGGGTCTACAACGTGCTGGAGCGGCCCCGCGGCTGGGCCTTCGTCTACCACGTCTTCATATTTTTGCTGGTCTTCAGCTGCCTGGTGCTGTCTGTGCTGTCCACTATCCAGGAGCACCAGGAACTTGCCAACGAGTGTCTCCTCATCTTGGAATTCGTGATGATCGTGGTTTTCGGCTTGGAGTACATCGTCCGGGTCTGGTCCGCCGGATGCTGCTGCCGCTACCGAGGATGGCAGGGTCGCTTCCGCTTTGCCAGAAAGCCCTTCTGTGTCATCGACTTCATCGTGTTCGTGGCCTCGGTGGCCGTCATCGCCGCGGGTACCCAGGGCAACATCTTCGCCACGTCCGCGCTGCGCAGCATGCGCTTCCTGCAGATCCTGCGCATGGTGCGCATGGACCGCCGCGGCGGCACCTGGAAGCTGCTGGGCTCAGTGGTCTACGCGCATAGCAAGGAGCTGATCACCGCCTGGTACATCGGGTTCCTGGTGCTCATCTTCGCCTCCTTCCTGGTCTACCTGGCTGAGAAGGACGCCAACTCCGACTTCTCCTCCTACGCCGACTCGCTCTGGTGGGGGACGATTACATTGACAACCATCGGCTATGGTGACAAGACACCGCACACATGGCTGGGCAGGGTCCTGGCTGCTGGCTTCGCCTTACTGGGCATCTCTTTCTTTGCCCTGCCTGCCGGCATCCTAGGCTCCGGCTTTGCCCTGAAGGTCCAGGAGCAGCACCGGCAGAAGCACTTCGAGAAGCGGAGGATGCCGGCAGCCAACCTCATCCAGGCTGCCTGGCGCCTGTACTCCACCGATATGAGCCGGGCCTACCTGACAGCCACCTGGTACTACTATGACAGTATCCTCCCATCCTTCAGAGAGCTGGCCCTCTTGTTTGAGCACGTGCAACGGGCCCGCAATGGGGGCCTACGGCCCCTGGAGGTGCGGCGGGCGCCGGTACCCGACGGAGCACCCTCCCGTTACCCGCCCGTTGCCACCTGCCACCGGCCGGGCAGCACCTCCTTCTGCCCTGGGGAAAGCAGCCGGATGGGCATCAAAGACCGCATCCGCATGGGCAGCTCCCAGCGGCGGACGGGTCCTTCCAAGCAGCATCTGGCACCTCCAACAATGCCCACCTCCCCAAGCAGCGAGCAGGTGGGTGAGGCCACCAGCCCCACCAAGGTGCAAAAGAGCTGGAGCTTCAATGACCGCACCCGCTTCCGGGCATCTCTGAGACTCAAACCCCGCACCTCTGCTGAGGATGCCCCCTCAGAGGAAGTAGCAGAGGAGAAGAGCTACCAGTGTGAGCTCACGGTGGACGACATCATGCCTGCTGTGAAGACAGTCATCCGCTCCATCAGGATTCTCAAGTTCCTGGTGGCCAAAAGGAAATTCAAGGAGACACTGCGACCGTACGACGTGAAGGACGTCATTGAGCAGTACTCAGCAGGCCACCTGGACATGCTGGGCCGGATCAAGAGCCTGCAAACTCGGGTGGACCAAATTGTGGGTCGGGGGCCCGGGGACAGGAAGGCCCGGGAGAAGGGCGACAAGGGGCCCTCCGACGCGGAGGTGGTGGATGAAATCAGCATGATGGGACGCGTGGTCAAGGTGGAGAAGCAGGTGCAGTCCATCGAGCACAAGCTGGACCTGCTGTTGGGCTTCTATTCGCGCTGCCTGCGCTCTGGCACCTCGGCCAGCCTGGGCGCCGTGCAAGTGCCGCTGTTCGACCCCGACATCACCTCCGACTACCACAGCCCTGTGGACCACGAGGACATCTCCGTCTCCGCACAGACGCTCAGCATCTCCCGCTCGGTCAGCACCAACATGGACTGAGGGACTTCTCAGAGGCAGGGCAGCACACGGCCAGCCCCGCGGCCTGGCGCTCCGACTGCCCTCTGAGGCCTCCGGACTCCTCTCGTACTTGAACTCACTCCCTCACGGGGAGAGAGACCACACGCAGTATTGAGCTGCCTGAGTGGGCGTGGTACCTGCTGTGGGTGCCAGCGCCCCTTCCCCACCTCAGGAGCGTGAGATGCCAGGTCGCACAGAGGGCAGCAGCAGCGGCCGTCCCGCGGCCTCTGGGCCCCCCAGTGCCCTGCCCACTCCATCAAGGCCCTATGTGGCCCACCTGGCAGGGGCACAGCCCCGGGAGTGGGAGCGGGCGCTGGGGCCCTGGGCCCTGACCCAGCTTCCAGCTATGCAAGGTGAGGTCTCTGGCCCACCCTTCGGACACAGCAGGGAAGCCCTCCCGCCAAGTCCCCGCCCCACTTGGGGGTGGGCCAAGGTGCCCCCACAGGTACCCACAAAGCACAGGACCCTGCCACAAGGCAGGTGGACACCATATATGCAAACCATGT;2;5;-1;0
14;KCNQ4;NM_004700;c.53dupC;sens; ATGCGTCTCTGAGCGCCCCGAGCGCGCCCCCGCCCCGGACCGTGCCCGGGCCCCGGCGCCCCCAGCCCGGCGCCGCCCATGGCCGAGGCCCCCCCGCGCCGCCTCGGCCTGGGTCCCCCGCCCGGGGACGCCCCCCCGCGCGGAGCTAGTGGCGCTCACGGCCGTGCAGAGCGAACAGGGCGAGGCGGGCGGGGGCGGCTCCCCGCGCCGCCTCGGCCTCCTGGGCAGCCCCCTGCCGCCGGGCGCGCCCCTCCCTGGGCCGGGCTCCGGCTCGGGCTCCGCCTGCGGCCAGCGCTCCTCGGCCGCGCACAAGCGCTACCGCCGCCTGCAGAACTGGGTCTACAACGTGCTGGAGCGGCCCCGCGGCTGGGCCTTCGTCTACCACGTCTTCATATTTTTGCTGGTCTTCAGCTGCCTGGTGCTGTCTGTGCTGTCCACTATCCAGGAGCACCAGGAACTTGCCAACGAGTGTCTCCTCATCTTGGAATTCGTGATGATCGTGGTTTTCGGCTTGGAGTACATCGTCCGGGTCTGGTCCGCCGGATGCTGCTGCCGCTACCGAGGATGGCAGGGTCGCTTCCGCTTTGCCAGAAAGCCCTTCTGTGTCATCGACTTCATCGTGTTCGTGGCCTCGGTGGCCGTCATCGCCGCGGGTACCCAGGGCAACATCTTCGCCACGTCCGCGCTGCGCAGCATGCGCTTCCTGCAGATCCTGCGCATGGTGCGCATGGACCGCCGCGGCGGCACCTGGAAGCTGCTGGGCTCAGTGGTCTACGCGCATAGCAAGGAGCTGATCACCGCCTGGTACATCGGGTTCCTGGTGCTCATCTTCGCCTCCTTCCTGGTCTACCTGGCTGAGAAGGACGCCAACTCCGACTTCTCCTCCTACGCCGACTCGCTCTGGTGGGGGACGATTACATTGACAACCATCGGCTATGGTGACAAGACACCGCACACATGGCTGGGCAGGGTCCTGGCTGCTGGCTTCGCCTTACTGGGCATCTCTTTCTTTGCCCTGCCTGCCGGCATCCTAGGCTCCGGCTTTGCCCTGAAGGTCCAGGAGCAGCACCGGCAGAAGCACTTCGAGAAGCGGAGGATGCCGGCAGCCAACCTCATCCAGGCTGCCTGGCGCCTGTACTCCACCGATATGAGCCGGGCCTACCTGACAGCCACCTGGTACTACTATGACAGTATCCTCCCATCCTTCAGAGAGCTGGCCCTCTTGTTTGAGCACGTGCAACGGGCCCGCAATGGGGGCCTACGGCCCCTGGAGGTGCGGCGGGCGCCGGTACCCGACGGAGCACCCTCCCGTTACCCGCCCGTTGCCACCTGCCACCGGCCGGGCAGCACCTCCTTCTGCCCTGGGGAAAGCAGCCGGATGGGCATCAAAGACCGCATCCGCATGGGCAGCTCCCAGCGGCGGACGGGTCCTTCCAAGCAGCATCTGGCACCTCCAACAATGCCCACCTCCCCAAGCAGCGAGCAGGTGGGTGAGGCCACCAGCCCCACCAAGGTGCAAAAGAGCTGGAGCTTCAATGACCGCACCCGCTTCCGGGCATCTCTGAGACTCAAACCCCGCACCTCTGCTGAGGATGCCCCCTCAGAGGAAGTAGCAGAGGAGAAGAGCTACCAGTGTGAGCTCACGGTGGACGACATCATGCCTGCTGTGAAGACAGTCATCCGCTCCATCAGGATTCTCAAGTTCCTGGTGGCCAAAAGGAAATTCAAGGAGACACTGCGACCGTACGACGTGAAGGACGTCATTGAGCAGTACTCAGCAGGCCACCTGGACATGCTGGGCCGGATCAAGAGCCTGCAAACTCGGGTGGACCAAATTGTGGGTCGGGGGCCCGGGGACAGGAAGGCCCGGGAGAAGGGCGACAAGGGGCCCTCCGACGCGGAGGTGGTGGATGAAATCAGCATGATGGGACGCGTGGTCAAGGTGGAGAAGCAGGTGCAGTCCATCGAGCACAAGCTGGACCTGCTGTTGGGCTTCTATTCGCGCTGCCTGCGCTCTGGCACCTCGGCCAGCCTGGGCGCCGTGCAAGTGCCGCTGTTCGACCCCGACATCACCTCCGACTACCACAGCCCTGTGGACCACGAGGACATCTCCGTCTCCGCACAGACGCTCAGCATCTCCCGCTCGGTCAGCACCAACATGGACTGAGGGACTTCTCAGAGGCAGGGCAGCACACGGCCAGCCCCGCGGCCTGGCGCTCCGACTGCCCTCTGAGGCCTCCGGACTCCTCTCGTACTTGAACTCACTCCCTCACGGGGAGAGAGACCACACGCAGTATTGAGCTGCCTGAGTGGGCGTGGTACCTGCTGTGGGTGCCAGCGCCCCTTCCCCACCTCAGGAGCGTGAGATGCCAGGTCGCACAGAGGGCAGCAGCAGCGGCCGTCCCGCGGCCTCTGGGCCCCCCAGTGCCCTGCCCACTCCATCAAGGCCCTATGTGGCCCACCTGGCAGGGGCACAGCCCCGGGAGTGGGAGCGGGCGCTGGGGCCCTGGGCCCTGACCCAGCTTCCAGCTATGCAAGGTGAGGTCTCTGGCCCACCCTTCGGACACAGCAGGGAAGCCCTCCCGCCAAGTCCCCGCCCCACTTGGGGGTGGGCCAAGGTGCCCCCACAGGTACCCACAAAGCACAGGACCCTGCCACAAGGCAGGTGGACACCATATATGCAAACCATGT;2;5;-1;0
18;KCNQ4;NM_004700;c.53delC;sens;ATGCGTCTCTGAGCGCCCCGAGCGCGCCCCCGCCCCGGACCGTGCCCGGGCCCCGGCGCCCCCAGCCCGGCGCCGCCCATGGCCGAGGCCCCCCCGCGCCGCCTCGGCCTGGGTCCCCCGCCCGGGGACGCCCCCGCGCGGAGC;5;2;-1;0
21;KCNQ4;NM_004700;c.53delC;antisens;ATGCGTCTCTGAGCGCCCCGAGCGCGCCCCCGCCCCGGACCGTGCCCGGGCCCCGGCGCCCCCAGCCCGGCGCCGCCCATGGCCGAGGCCCCCCCGCGCCGCCTCGGCCTGGGTCCCCCGCCCGGGGACGCCCCCGCGCGGAGC;5;1;-1;0
28;KCNQ4;NM_004700;c.229_230insT;sens;ATGCGTCTCTGAGCGCCCCGAGCGCGCCCCCGCCCCGGACCGTGCCCGGGCCCCGGCGCCCCCAGCCCGGCGCCGCCCATGGCCGAGGCCCCCCCGCGCCGCCTCGGCCTGGGTCCCCCGCCCGGGGACGCCCCCCGCGCGGAGCTAGTGGCGCTCACGGCCGTGCAGAGCGAACAGGGCGAGGCGGGCGGGGGCGGCTCCCCGCGCCGCCTCGGCCTCCTGGGCAGCCCCCTGCCGCCGGGCGCGCCCCTCCCTGGGCCGGGCTCCGGCTCGGGCTCCGCCTGCGGCCAGCGCTCCTCGGCCGCGCTACAAGCGCTACCGCCGCCTGCAGAACTGGGTCTACAACGTGCTGGAGCGGCCCCGCGGCTGGGCCTTCGTCTACCACGTCTTCATATTTTTGCTGGTCTTCAGCTGCCTGGTGCTGTCTGTGCTGTCCACTATCCAGGAGCACCAGGAACTTGCCAACGAGTGTCTCCTCATCTTGGAATTCGTGATGATCGTGGTTTTCGGCTTGGAGTACATCGTCCGGGTCTGGTCCGCCGGATGCTGCTGCCGCTACCGAGGATGGCAGGGTCGCTTCCGCTTTGCCAGAAAGCCCTTCTGTGTCATCGACTTCATCGTGTTCGTGGCCTCGGTGGCCGTCATCGCCGCGGGTACCCAGGGCAACATCTTCGCCACGTCCGCGCTGCGCAGCATGCGCTTCCTGCAGATCCTGCGCATGGTGCGCATGGACCGCCGCGGCGGCACCTGGAAGCTGCTGGGCTCAGTGGTCTACGCGCATAGCAAGGAGCTGATCACCGCCTGGTACATCGGGTTCCTGGTGCTCATCTTCGCCTCCTTCCTGGTCTACCTGGCTGAGAAGGACGCCAACTCCGACTTCTCCTCCTACGCCGACTCGCTCTGGTGGGGGACGATTACATTGACAACCATCGGCTATGGTGACAAGACACCGCACACATGGCTGGGCAGGGTCCTGGCTGCTGGCTTCGCCTTACTGGGCATCTCTTTCTTTGCCCTGCCTGCCGGCATCCTAGGCTCCGGCTTTGCCCTGAAGGTCCAGGAGCAGCACCGGCAGAAGCACTTCGAGAAGCGGAGGATGCCGGCAGCCAACCTCATCCAGGCTGCCTGGCGCCTGTACTCCACCGATATGAGCCGGGCCTACCTGACAGCCACCTGGTACTACTATGACAGTATCCTCCCATCCTTCAGAGAGCTGGCCCTCTTGTTTGAGCACGTGCAACGGGCCCGCAATGGGGGCCTACGGCCCCTGGAGGTGCGGCGGGCGCCGGTACCCGACGGAGCACCCTCCCGTTACCCGCCCGTTGCCACCTGCCACCGGCCGGGCAGCACCTCCTTCTGCCCTGGGGAAAGCAGCCGGATGGGCATCAAAGACCGCATCCGCATGGGCAGCTCCCAGCGGCGGACGGGTCCTTCCAAGCAGCATCTGGCACCTCCAACAATGCCCACCTCCCCAAGCAGCGAGCAGGTGGGTGAGGCCACCAGCCCCACCAAGGTGCAAAAGAGCTGGAGCTTCAATGACCGCACCCGCTTCCGGGCATCTCTGAGACTCAAACCCCGCACCTCTGCTGAGGATGCCCCCTCAGAGGAAGTAGCAGAGGAGAAGAGCTACCAGTGTGAGCTCACGGTGGACGACATCATGCCTGCTGTGAAGACAGTCATCCGCTCCATCAGGATTCTCAAGTTCCTGGTGGCCAAAAGGAAATTCAAGGAGACACTGCGACCGTACGACGTGAAGGACGTCATTGAGCAGTACTCAGCAGGCCACCTGGACATGCTGGGCCGGATCAAGAGCCTGCAAACTCGGGTGGACCAAATTGTGGGTCGGGGGCCCGGGGACAGGAAGGCCCGGGAGAAGGGCGACAAGGGGCCCTCCGACGCGGAGGTGGTGGATGAAATCAGCATGATGGGACGCGTGGTCAAGGTGGAGAAGCAGGTGCAGTCCATCGAGCACAAGCTGGACCTGCTGTTGGGCTTCTATTCGCGCTGCCTGCGCTCTGGCACCTCGGCCAGCCTGGGCGCCGTGCAAGTGCCGCTGTTCGACCCCGACATCACCTCCGACTACCACAGCCCTGTGGACCACGAGGACATCTCCGTCTCCGCACAGACGCTCAGCATCTCCCGCTCGGTCAGCACCAACATGGACTGAGGGACTTCTCAGAGGCAGGGCAGCACACGGCCAGCCCCGCGGCCTGGCGCTCCGACTGCCCTCTGAGGCCTCCGGACTCCTCTCGTACTTGAACTCACTCCCTCACGGGGAGAGAGACCACACGCAGTATTGAGCTGCCTGAGTGGGCGTGGTACCTGCTGTGGGTGCCAGCGCCCCTTCCCCACCTCAGGAGCGTGAGATGCCAGGTCGCACAGAGGGCAGCAGCAGCGGCCGTCCCGCGGCCTCTGGGCCCCCCAGTGCCCTGCCCACTCCATCAAGGCCCTATGTGGCCCACCTGGCAGGGGCACAGCCCCGGGAGTGGGAGCGGGCGCTGGGGCCCTGGGCCCTGACCCAGCTTCCAGCTATGCAAGGTGAGGTCTCTGGCCCACCCTTCGGACACAGCAGGGAAGCCCTCCCGCCAAGTCCCCGCCCCACTTGGGGGTGGGCCAAGGTGCCCCCACAGGTACCCACAAAGCACAGGACCCTGCCACAAGGCAGGTGGACACCATATATGCAAACCATGT;1;5;3;0
29;KCNQ4;NM_004700;c.229_230insT;sens; ATGCGTCTCTGAGCGCCCCGAGCGCGCCCCCGCCCCGGACCGTGCCCGGGCCCCGGCGCCCCCAGCCCGGCGCCGCCCATGGCCGAGGCCCCCCCGCGCCGCCTCGGCCTGGGTCCCCCGCCCGGGGACGCCCCCCGCGCGGAGCTAGTGGCGCTCACGGCCGTGCAGAGCGAACAGGGCGAGGCGGGCGGGGGCGGCTCCCCGCGCCGCCTCGGCCTCCTGGGCAGCCCCCTGCCGCCGGGCGCGCCCCTCCCTGGGCCGGGCTCCGGCTCGGGCTCCGCCTGCGGCCAGCGCTCCTCGGCCGCGCTACAAGCGCTACCGCCGCCTGCAGAACTGGGTCTACAACGTGCTGGAGCGGCCCCGCGGCTGGGCCTTCGTCTACCACGTCTTCATATTTTTGCTGGTCTTCAGCTGCCTGGTGCTGTCTGTGCTGTCCACTATCCAGGAGCACCAGGAACTTGCCAACGAGTGTCTCCTCATCTTGGAATTCGTGATGATCGTGGTTTTCGGCTTGGAGTACATCGTCCGGGTCTGGTCCGCCGGATGCTGCTGCCGCTACCGAGGATGGCAGGGTCGCTTCCGCTTTGCCAGAAAGCCCTTCTGTGTCATCGACTTCATCGTGTTCGTGGCCTCGGTGGCCGTCATCGCCGCGGGTACCCAGGGCAACATCTTCGCCACGTCCGCGCTGCGCAGCATGCGCTTCCTGCAGATCCTGCGCATGGTGCGCATGGACCGCCGCGGCGGCACCTGGAAGCTGCTGGGCTCAGTGGTCTACGCGCATAGCAAGGAGCTGATCACCGCCTGGTACATCGGGTTCCTGGTGCTCATCTTCGCCTCCTTCCTGGTCTACCTGGCTGAGAAGGACGCCAACTCCGACTTCTCCTCCTACGCCGACTCGCTCTGGTGGGGGACGATTACATTGACAACCATCGGCTATGGTGACAAGACACCGCACACATGGCTGGGCAGGGTCCTGGCTGCTGGCTTCGCCTTACTGGGCATCTCTTTCTTTGCCCTGCCTGCCGGCATCCTAGGCTCCGGCTTTGCCCTGAAGGTCCAGGAGCAGCACCGGCAGAAGCACTTCGAGAAGCGGAGGATGCCGGCAGCCAACCTCATCCAGGCTGCCTGGCGCCTGTACTCCACCGATATGAGCCGGGCCTACCTGACAGCCACCTGGTACTACTATGACAGTATCCTCCCATCCTTCAGAGAGCTGGCCCTCTTGTTTGAGCACGTGCAACGGGCCCGCAATGGGGGCCTACGGCCCCTGGAGGTGCGGCGGGCGCCGGTACCCGACGGAGCACCCTCCCGTTACCCGCCCGTTGCCACCTGCCACCGGCCGGGCAGCACCTCCTTCTGCCCTGGGGAAAGCAGCCGGATGGGCATCAAAGACCGCATCCGCATGGGCAGCTCCCAGCGGCGGACGGGTCCTTCCAAGCAGCATCTGGCACCTCCAACAATGCCCACCTCCCCAAGCAGCGAGCAGGTGGGTGAGGCCACCAGCCCCACCAAGGTGCAAAAGAGCTGGAGCTTCAATGACCGCACCCGCTTCCGGGCATCTCTGAGACTCAAACCCCGCACCTCTGCTGAGGATGCCCCCTCAGAGGAAGTAGCAGAGGAGAAGAGCTACCAGTGTGAGCTCACGGTGGACGACATCATGCCTGCTGTGAAGACAGTCATCCGCTCCATCAGGATTCTCAAGTTCCTGGTGGCCAAAAGGAAATTCAAGGAGACACTGCGACCGTACGACGTGAAGGACGTCATTGAGCAGTACTCAGCAGGCCACCTGGACATGCTGGGCCGGATCAAGAGCCTGCAAACTCGGGTGGACCAAATTGTGGGTCGGGGGCCCGGGGACAGGAAGGCCCGGGAGAAGGGCGACAAGGGGCCCTCCGACGCGGAGGTGGTGGATGAAATCAGCATGATGGGACGCGTGGTCAAGGTGGAGAAGCAGGTGCAGTCCATCGAGCACAAGCTGGACCTGCTGTTGGGCTTCTATTCGCGCTGCCTGCGCTCTGGCACCTCGGCCAGCCTGGGCGCCGTGCAAGTGCCGCTGTTCGACCCCGACATCACCTCCGACTACCACAGCCCTGTGGACCACGAGGACATCTCCGTCTCCGCACAGACGCTCAGCATCTCCCGCTCGGTCAGCACCAACATGGACTGAGGGACTTCTCAGAGGCAGGGCAGCACACGGCCAGCCCCGCGGCCTGGCGCTCCGACTGCCCTCTGAGGCCTCCGGACTCCTCTCGTACTTGAACTCACTCCCTCACGGGGAGAGAGACCACACGCAGTATTGAGCTGCCTGAGTGGGCGTGGTACCTGCTGTGGGTGCCAGCGCCCCTTCCCCACCTCAGGAGCGTGAGATGCCAGGTCGCACAGAGGGCAGCAGCAGCGGCCGTCCCGCGGCCTCTGGGCCCCCCAGTGCCCTGCCCACTCCATCAAGGCCCTATGTGGCCCACCTGGCAGGGGCACAGCCCCGGGAGTGGGAGCGGGCGCTGGGGCCCTGGGCCCTGACCCAGCTTCCAGCTATGCAAGGTGAGGTCTCTGGCCCACCCTTCGGACACAGCAGGGAAGCCCTCCCGCCAAGTCCCCGCCCCACTTGGGGGTGGGCCAAGGTGCCCCCACAGGTACCCACAAAGCACAGGACCCTGCCACAAGGCAGGTGGACACCATATATGCAAACCATGT;2;5;3;0
30;KCNQ4;NM_004700;c.229_230insT;sens; ATGCGTCTCTGAGCGCCCCGAGCGCGCCCCCGCCCCGGACCGTGCCCGGGCCCCGGCGCCCCCAGCCCGGCGCCGCCCATGGCCGAGGCCCCCCCGCGCCGCCTCGGCCTGGGTCCCCCGCCCGGGGACGCCCCCCGCGCGGAGCTAGTGGCGCTCACGGCCGTGCAGAGCGAACAGGGCGAGGCGGGCGGGGGCGGCTCCCCGCGCCGCCTCGGCCTCCTGGGCAGCCCCCTGCCGCCGGGCGCGCCCCTCCCTGGGCCGGGCTCCGGCTCGGGCTCCGCCTGCGGCCAGCGCTCCTCGGCCGCGCTACAAGCGCTACCGCCGCCTGCAGAACTGGGTCTACAACGTGCTGGAGCGGCCCCGCGGCTGGGCCTTCGTCTACCACGTCTTCATATTTTTGCTGGTCTTCAGCTGCCTGGTGCTGTCTGTGCTGTCCACTATCCAGGAGCACCAGGAACTTGCCAACGAGTGTCTCCTCATCTTGGAATTCGTGATGATCGTGGTTTTCGGCTTGGAGTACATCGTCCGGGTCTGGTCCGCCGGATGCTGCTGCCGCTACCGAGGATGGCAGGGTCGCTTCCGCTTTGCCAGAAAGCCCTTCTGTGTCATCGACTTCATCGTGTTCGTGGCCTCGGTGGCCGTCATCGCCGCGGGTACCCAGGGCAACATCTTCGCCACGTCCGCGCTGCGCAGCATGCGCTTCCTGCAGATCCTGCGCATGGTGCGCATGGACCGCCGCGGCGGCACCTGGAAGCTGCTGGGCTCAGTGGTCTACGCGCATAGCAAGGAGCTGATCACCGCCTGGTACATCGGGTTCCTGGTGCTCATCTTCGCCTCCTTCCTGGTCTACCTGGCTGAGAAGGACGCCAACTCCGACTTCTCCTCCTACGCCGACTCGCTCTGGTGGGGGACGATTACATTGACAACCATCGGCTATGGTGACAAGACACCGCACACATGGCTGGGCAGGGTCCTGGCTGCTGGCTTCGCCTTACTGGGCATCTCTTTCTTTGCCCTGCCTGCCGGCATCCTAGGCTCCGGCTTTGCCCTGAAGGTCCAGGAGCAGCACCGGCAGAAGCACTTCGAGAAGCGGAGGATGCCGGCAGCCAACCTCATCCAGGCTGCCTGGCGCCTGTACTCCACCGATATGAGCCGGGCCTACCTGACAGCCACCTGGTACTACTATGACAGTATCCTCCCATCCTTCAGAGAGCTGGCCCTCTTGTTTGAGCACGTGCAACGGGCCCGCAATGGGGGCCTACGGCCCCTGGAGGTGCGGCGGGCGCCGGTACCCGACGGAGCACCCTCCCGTTACCCGCCCGTTGCCACCTGCCACCGGCCGGGCAGCACCTCCTTCTGCCCTGGGGAAAGCAGCCGGATGGGCATCAAAGACCGCATCCGCATGGGCAGCTCCCAGCGGCGGACGGGTCCTTCCAAGCAGCATCTGGCACCTCCAACAATGCCCACCTCCCCAAGCAGCGAGCAGGTGGGTGAGGCCACCAGCCCCACCAAGGTGCAAAAGAGCTGGAGCTTCAATGACCGCACCCGCTTCCGGGCATCTCTGAGACTCAAACCCCGCACCTCTGCTGAGGATGCCCCCTCAGAGGAAGTAGCAGAGGAGAAGAGCTACCAGTGTGAGCTCACGGTGGACGACATCATGCCTGCTGTGAAGACAGTCATCCGCTCCATCAGGATTCTCAAGTTCCTGGTGGCCAAAAGGAAATTCAAGGAGACACTGCGACCGTACGACGTGAAGGACGTCATTGAGCAGTACTCAGCAGGCCACCTGGACATGCTGGGCCGGATCAAGAGCCTGCAAACTCGGGTGGACCAAATTGTGGGTCGGGGGCCCGGGGACAGGAAGGCCCGGGAGAAGGGCGACAAGGGGCCCTCCGACGCGGAGGTGGTGGATGAAATCAGCATGATGGGACGCGTGGTCAAGGTGGAGAAGCAGGTGCAGTCCATCGAGCACAAGCTGGACCTGCTGTTGGGCTTCTATTCGCGCTGCCTGCGCTCTGGCACCTCGGCCAGCCTGGGCGCCGTGCAAGTGCCGCTGTTCGACCCCGACATCACCTCCGACTACCACAGCCCTGTGGACCACGAGGACATCTCCGTCTCCGCACAGACGCTCAGCATCTCCCGCTCGGTCAGCACCAACATGGACTGAGGGACTTCTCAGAGGCAGGGCAGCACACGGCCAGCCCCGCGGCCTGGCGCTCCGACTGCCCTCTGAGGCCTCCGGACTCCTCTCGTACTTGAACTCACTCCCTCACGGGGAGAGAGACCACACGCAGTATTGAGCTGCCTGAGTGGGCGTGGTACCTGCTGTGGGTGCCAGCGCCCCTTCCCCACCTCAGGAGCGTGAGATGCCAGGTCGCACAGAGGGCAGCAGCAGCGGCCGTCCCGCGGCCTCTGGGCCCCCCAGTGCCCTGCCCACTCCATCAAGGCCCTATGTGGCCCACCTGGCAGGGGCACAGCCCCGGGAGTGGGAGCGGGCGCTGGGGCCCTGGGCCCTGACCCAGCTTCCAGCTATGCAAGGTGAGGTCTCTGGCCCACCCTTCGGACACAGCAGGGAAGCCCTCCCGCCAAGTCCCCGCCCCACTTGGGGGTGGGCCAAGGTGCCCCCACAGGTACCCACAAAGCACAGGACCCTGCCACAAGGCAGGTGGACACCATATATGCAAACCATGT;2;5;3;0
38;KCNQ4;NM_004700;c.827dupG;sens;ATGCGTCTCTGAGCGCCCCGAGCGCGCCCCCGCCCCGGACCGTGCCCGGGCCCCGGCGCCCCCAGCCCGGCGCCGCCCATGGCCGAGGCCCCCCCGCGCCGCCTCGGCCTGGGTCCCCCGCCCGGGGACGCCCCCCGCGCGGAGCTAGTGGCGCTCACGGCCGTGCAGAGCGAACAGGGCGAGGCGGGCGGGGGCGGCTCCCCGCGCCGCCTCGGCCTCCTGGGCAGCCCCCTGCCGCCGGGCGCGCCCCTCCCTGGGCCGGGCTCCGGCTCGGGCTCCGCCTGCGGCCAGCGCTCCTCGGCCGCGCACAAGCGCTACCGCCGCCTGCAGAACTGGGTCTACAACGTGCTGGAGCGGCCCCGCGGCTGGGCCTTCGTCTACCACGTCTTCATATTTTTGCTGGTCTTCAGCTGCCTGGTGCTGTCTGTGCTGTCCACTATCCAGGAGCACCAGGAACTTGCCAACGAGTGTCTCCTCATCTTGGAATTCGTGATGATCGTGGTTTTCGGCTTGGAGTACATCGTCCGGGTCTGGTCCGCCGGATGCTGCTGCCGCTACCGAGGATGGCAGGGTCGCTTCCGCTTTGCCAGAAAGCCCTTCTGTGTCATCGACTTCATCGTGTTCGTGGCCTCGGTGGCCGTCATCGCCGCGGGTACCCAGGGCAACATCTTCGCCACGTCCGCGCTGCGCAGCATGCGCTTCCTGCAGATCCTGCGCATGGTGCGCATGGACCGCCGCGGCGGCACCTGGAAGCTGCTGGGCTCAGTGGTCTACGCGCATAGCAAGGAGCTGATCACCGCCTGGTACATCGGGTTCCTGGTGCTCATCTTCGCCTCCTTCCTGGTCTACCTGGCTGAGAAGGACGCCAACTCCGACTTCTCCTCCTACGCCGACTCGCTCTGGTGGGGGGACGATTACATTGACAACCATCGGCTATGGTGACAAGACACCGCACACATGGCTGGGCAGGGTCCTGGCTGCTGGCTTCGCCTTACTGGGCATCTCTTTCTTTGCCCTGCCTGCCGGCATCCTAGGCTCCGGCTTTGCCCTGAAGGTCCAGGAGCAGCACCGGCAGAAGCACTTCGAGAAGCGGAGGATGCCGGCAGCCAACCTCATCCAGGCTGCCTGGCGCCTGTACTCCACCGATATGAGCCGGGCCTACCTGACAGCCACCTGGTACTACTATGACAGTATCCTCCCATCCTTCAGAGAGCTGGCCCTCTTGTTTGAGCACGTGCAACGGGCCCGCAATGGGGGCCTACGGCCCCTGGAGGTGCGGCGGGCGCCGGTACCCGACGGAGCACCCTCCCGTTACCCGCCCGTTGCCACCTGCCACCGGCCGGGCAGCACCTCCTTCTGCCCTGGGGAAAGCAGCCGGATGGGCATCAAAGACCGCATCCGCATGGGCAGCTCCCAGCGGCGGACGGGTCCTTCCAAGCAGCATCTGGCACCTCCAACAATGCCCACCTCCCCAAGCAGCGAGCAGGTGGGTGAGGCCACCAGCCCCACCAAGGTGCAAAAGAGCTGGAGCTTCAATGACCGCACCCGCTTCCGGGCATCTCTGAGACTCAAACCCCGCACCTCTGCTGAGGATGCCCCCTCAGAGGAAGTAGCAGAGGAGAAGAGCTACCAGTGTGAGCTCACGGTGGACGACATCATGCCTGCTGTGAAGACAGTCATCCGCTCCATCAGGATTCTCAAGTTCCTGGTGGCCAAAAGGAAATTCAAGGAGACACTGCGACCGTACGACGTGAAGGACGTCATTGAGCAGTACTCAGCAGGCCACCTGGACATGCTGGGCCGGATCAAGAGCCTGCAAACTCGGGTGGACCAAATTGTGGGTCGGGGGCCCGGGGACAGGAAGGCCCGGGAGAAGGGCGACAAGGGGCCCTCCGACGCGGAGGTGGTGGATGAAATCAGCATGATGGGACGCGTGGTCAAGGTGGAGAAGCAGGTGCAGTCCATCGAGCACAAGCTGGACCTGCTGTTGGGCTTCTATTCGCGCTGCCTGCGCTCTGGCACCTCGGCCAGCCTGGGCGCCGTGCAAGTGCCGCTGTTCGACCCCGACATCACCTCCGACTACCACAGCCCTGTGGACCACGAGGACATCTCCGTCTCCGCACAGACGCTCAGCATCTCCCGCTCGGTCAGCACCAACATGGACTGAGGGACTTCTCAGAGGCAGGGCAGCACACGGCCAGCCCCGCGGCCTGGCGCTCCGACTGCCCTCTGAGGCCTCCGGACTCCTCTCGTACTTGAACTCACTCCCTCACGGGGAGAGAGACCACACGCAGTATTGAGCTGCCTGAGTGGGCGTGGTACCTGCTGTGGGTGCCAGCGCCCCTTCCCCACCTCAGGAGCGTGAGATGCCAGGTCGCACAGAGGGCAGCAGCAGCGGCCGTCCCGCGGCCTCTGGGCCCCCCAGTGCCCTGCCCACTCCATCAAGGCCCTATGTGGCCCACCTGGCAGGGGCACAGCCCCGGGAGTGGGAGCGGGCGCTGGGGCCCTGGGCCCTGACCCAGCTTCCAGCTATGCAAGGTGAGGTCTCTGGCCCACCCTTCGGACACAGCAGGGAAGCCCTCCCGCCAAGTCCCCGCCCCACTTGGGGGTGGGCCAAGGTGCCCCCACAGGTACCCACAAAGCACAGGACCCTGCCACAAGGCAGGTGGACACCATATATGCAAACCATGT;1;5;3;0
39;KCNQ4;NM_004700;c.827dupG;sens; ATGCGTCTCTGAGCGCCCCGAGCGCGCCCCCGCCCCGGACCGTGCCCGGGCCCCGGCGCCCCCAGCCCGGCGCCGCCCATGGCCGAGGCCCCCCCGCGCCGCCTCGGCCTGGGTCCCCCGCCCGGGGACGCCCCCCGCGCGGAGCTAGTGGCGCTCACGGCCGTGCAGAGCGAACAGGGCGAGGCGGGCGGGGGCGGCTCCCCGCGCCGCCTCGGCCTCCTGGGCAGCCCCCTGCCGCCGGGCGCGCCCCTCCCTGGGCCGGGCTCCGGCTCGGGCTCCGCCTGCGGCCAGCGCTCCTCGGCCGCGCACAAGCGCTACCGCCGCCTGCAGAACTGGGTCTACAACGTGCTGGAGCGGCCCCGCGGCTGGGCCTTCGTCTACCACGTCTTCATATTTTTGCTGGTCTTCAGCTGCCTGGTGCTGTCTGTGCTGTCCACTATCCAGGAGCACCAGGAACTTGCCAACGAGTGTCTCCTCATCTTGGAATTCGTGATGATCGTGGTTTTCGGCTTGGAGTACATCGTCCGGGTCTGGTCCGCCGGATGCTGCTGCCGCTACCGAGGATGGCAGGGTCGCTTCCGCTTTGCCAGAAAGCCCTTCTGTGTCATCGACTTCATCGTGTTCGTGGCCTCGGTGGCCGTCATCGCCGCGGGTACCCAGGGCAACATCTTCGCCACGTCCGCGCTGCGCAGCATGCGCTTCCTGCAGATCCTGCGCATGGTGCGCATGGACCGCCGCGGCGGCACCTGGAAGCTGCTGGGCTCAGTGGTCTACGCGCATAGCAAGGAGCTGATCACCGCCTGGTACATCGGGTTCCTGGTGCTCATCTTCGCCTCCTTCCTGGTCTACCTGGCTGAGAAGGACGCCAACTCCGACTTCTCCTCCTACGCCGACTCGCTCTGGTGGGGGGACGATTACATTGACAACCATCGGCTATGGTGACAAGACACCGCACACATGGCTGGGCAGGGTCCTGGCTGCTGGCTTCGCCTTACTGGGCATCTCTTTCTTTGCCCTGCCTGCCGGCATCCTAGGCTCCGGCTTTGCCCTGAAGGTCCAGGAGCAGCACCGGCAGAAGCACTTCGAGAAGCGGAGGATGCCGGCAGCCAACCTCATCCAGGCTGCCTGGCGCCTGTACTCCACCGATATGAGCCGGGCCTACCTGACAGCCACCTGGTACTACTATGACAGTATCCTCCCATCCTTCAGAGAGCTGGCCCTCTTGTTTGAGCACGTGCAACGGGCCCGCAATGGGGGCCTACGGCCCCTGGAGGTGCGGCGGGCGCCGGTACCCGACGGAGCACCCTCCCGTTACCCGCCCGTTGCCACCTGCCACCGGCCGGGCAGCACCTCCTTCTGCCCTGGGGAAAGCAGCCGGATGGGCATCAAAGACCGCATCCGCATGGGCAGCTCCCAGCGGCGGACGGGTCCTTCCAAGCAGCATCTGGCACCTCCAACAATGCCCACCTCCCCAAGCAGCGAGCAGGTGGGTGAGGCCACCAGCCCCACCAAGGTGCAAAAGAGCTGGAGCTTCAATGACCGCACCCGCTTCCGGGCATCTCTGAGACTCAAACCCCGCACCTCTGCTGAGGATGCCCCCTCAGAGGAAGTAGCAGAGGAGAAGAGCTACCAGTGTGAGCTCACGGTGGACGACATCATGCCTGCTGTGAAGACAGTCATCCGCTCCATCAGGATTCTCAAGTTCCTGGTGGCCAAAAGGAAATTCAAGGAGACACTGCGACCGTACGACGTGAAGGACGTCATTGAGCAGTACTCAGCAGGCCACCTGGACATGCTGGGCCGGATCAAGAGCCTGCAAACTCGGGTGGACCAAATTGTGGGTCGGGGGCCCGGGGACAGGAAGGCCCGGGAGAAGGGCGACAAGGGGCCCTCCGACGCGGAGGTGGTGGATGAAATCAGCATGATGGGACGCGTGGTCAAGGTGGAGAAGCAGGTGCAGTCCATCGAGCACAAGCTGGACCTGCTGTTGGGCTTCTATTCGCGCTGCCTGCGCTCTGGCACCTCGGCCAGCCTGGGCGCCGTGCAAGTGCCGCTGTTCGACCCCGACATCACCTCCGACTACCACAGCCCTGTGGACCACGAGGACATCTCCGTCTCCGCACAGACGCTCAGCATCTCCCGCTCGGTCAGCACCAACATGGACTGAGGGACTTCTCAGAGGCAGGGCAGCACACGGCCAGCCCCGCGGCCTGGCGCTCCGACTGCCCTCTGAGGCCTCCGGACTCCTCTCGTACTTGAACTCACTCCCTCACGGGGAGAGAGACCACACGCAGTATTGAGCTGCCTGAGTGGGCGTGGTACCTGCTGTGGGTGCCAGCGCCCCTTCCCCACCTCAGGAGCGTGAGATGCCAGGTCGCACAGAGGGCAGCAGCAGCGGCCGTCCCGCGGCCTCTGGGCCCCCCAGTGCCCTGCCCACTCCATCAAGGCCCTATGTGGCCCACCTGGCAGGGGCACAGCCCCGGGAGTGGGAGCGGGCGCTGGGGCCCTGGGCCCTGACCCAGCTTCCAGCTATGCAAGGTGAGGTCTCTGGCCCACCCTTCGGACACAGCAGGGAAGCCCTCCCGCCAAGTCCCCGCCCCACTTGGGGGTGGGCCAAGGTGCCCCCACAGGTACCCACAAAGCACAGGACCCTGCCACAAGGCAGGTGGACACCATATATGCAAACCATGT;2;5;-1;0
40;KCNQ4;NM_004700;c.827dupG;sens; ATGCGTCTCTGAGCGCCCCGAGCGCGCCCCCGCCCCGGACCGTGCCCGGGCCCCGGCGCCCCCAGCCCGGCGCCGCCCATGGCCGAGGCCCCCCCGCGCCGCCTCGGCCTGGGTCCCCCGCCCGGGGACGCCCCCCGCGCGGAGCTAGTGGCGCTCACGGCCGTGCAGAGCGAACAGGGCGAGGCGGGCGGGGGCGGCTCCCCGCGCCGCCTCGGCCTCCTGGGCAGCCCCCTGCCGCCGGGCGCGCCCCTCCCTGGGCCGGGCTCCGGCTCGGGCTCCGCCTGCGGCCAGCGCTCCTCGGCCGCGCACAAGCGCTACCGCCGCCTGCAGAACTGGGTCTACAACGTGCTGGAGCGGCCCCGCGGCTGGGCCTTCGTCTACCACGTCTTCATATTTTTGCTGGTCTTCAGCTGCCTGGTGCTGTCTGTGCTGTCCACTATCCAGGAGCACCAGGAACTTGCCAACGAGTGTCTCCTCATCTTGGAATTCGTGATGATCGTGGTTTTCGGCTTGGAGTACATCGTCCGGGTCTGGTCCGCCGGATGCTGCTGCCGCTACCGAGGATGGCAGGGTCGCTTCCGCTTTGCCAGAAAGCCCTTCTGTGTCATCGACTTCATCGTGTTCGTGGCCTCGGTGGCCGTCATCGCCGCGGGTACCCAGGGCAACATCTTCGCCACGTCCGCGCTGCGCAGCATGCGCTTCCTGCAGATCCTGCGCATGGTGCGCATGGACCGCCGCGGCGGCACCTGGAAGCTGCTGGGCTCAGTGGTCTACGCGCATAGCAAGGAGCTGATCACCGCCTGGTACATCGGGTTCCTGGTGCTCATCTTCGCCTCCTTCCTGGTCTACCTGGCTGAGAAGGACGCCAACTCCGACTTCTCCTCCTACGCCGACTCGCTCTGGTGGGGGGACGATTACATTGACAACCATCGGCTATGGTGACAAGACACCGCACACATGGCTGGGCAGGGTCCTGGCTGCTGGCTTCGCCTTACTGGGCATCTCTTTCTTTGCCCTGCCTGCCGGCATCCTAGGCTCCGGCTTTGCCCTGAAGGTCCAGGAGCAGCACCGGCAGAAGCACTTCGAGAAGCGGAGGATGCCGGCAGCCAACCTCATCCAGGCTGCCTGGCGCCTGTACTCCACCGATATGAGCCGGGCCTACCTGACAGCCACCTGGTACTACTATGACAGTATCCTCCCATCCTTCAGAGAGCTGGCCCTCTTGTTTGAGCACGTGCAACGGGCCCGCAATGGGGGCCTACGGCCCCTGGAGGTGCGGCGGGCGCCGGTACCCGACGGAGCACCCTCCCGTTACCCGCCCGTTGCCACCTGCCACCGGCCGGGCAGCACCTCCTTCTGCCCTGGGGAAAGCAGCCGGATGGGCATCAAAGACCGCATCCGCATGGGCAGCTCCCAGCGGCGGACGGGTCCTTCCAAGCAGCATCTGGCACCTCCAACAATGCCCACCTCCCCAAGCAGCGAGCAGGTGGGTGAGGCCACCAGCCCCACCAAGGTGCAAAAGAGCTGGAGCTTCAATGACCGCACCCGCTTCCGGGCATCTCTGAGACTCAAACCCCGCACCTCTGCTGAGGATGCCCCCTCAGAGGAAGTAGCAGAGGAGAAGAGCTACCAGTGTGAGCTCACGGTGGACGACATCATGCCTGCTGTGAAGACAGTCATCCGCTCCATCAGGATTCTCAAGTTCCTGGTGGCCAAAAGGAAATTCAAGGAGACACTGCGACCGTACGACGTGAAGGACGTCATTGAGCAGTACTCAGCAGGCCACCTGGACATGCTGGGCCGGATCAAGAGCCTGCAAACTCGGGTGGACCAAATTGTGGGTCGGGGGCCCGGGGACAGGAAGGCCCGGGAGAAGGGCGACAAGGGGCCCTCCGACGCGGAGGTGGTGGATGAAATCAGCATGATGGGACGCGTGGTCAAGGTGGAGAAGCAGGTGCAGTCCATCGAGCACAAGCTGGACCTGCTGTTGGGCTTCTATTCGCGCTGCCTGCGCTCTGGCACCTCGGCCAGCCTGGGCGCCGTGCAAGTGCCGCTGTTCGACCCCGACATCACCTCCGACTACCACAGCCCTGTGGACCACGAGGACATCTCCGTCTCCGCACAGACGCTCAGCATCTCCCGCTCGGTCAGCACCAACATGGACTGAGGGACTTCTCAGAGGCAGGGCAGCACACGGCCAGCCCCGCGGCCTGGCGCTCCGACTGCCCTCTGAGGCCTCCGGACTCCTCTCGTACTTGAACTCACTCCCTCACGGGGAGAGAGACCACACGCAGTATTGAGCTGCCTGAGTGGGCGTGGTACCTGCTGTGGGTGCCAGCGCCCCTTCCCCACCTCAGGAGCGTGAGATGCCAGGTCGCACAGAGGGCAGCAGCAGCGGCCGTCCCGCGGCCTCTGGGCCCCCCAGTGCCCTGCCCACTCCATCAAGGCCCTATGTGGCCCACCTGGCAGGGGCACAGCCCCGGGAGTGGGAGCGGGCGCTGGGGCCCTGGGCCCTGACCCAGCTTCCAGCTATGCAAGGTGAGGTCTCTGGCCCACCCTTCGGACACAGCAGGGAAGCCCTCCCGCCAAGTCCCCGCCCCACTTGGGGGTGGGCCAAGGTGCCCCCACAGGTACCCACAAAGCACAGGACCCTGCCACAAGGCAGGTGGACACCATATATGCAAACCATGT;2;5;3;0
56;KCNQ2;NM_172107;c.1273_1274del;sens;ATGCGGCTCCCGGCCGGGGGGCCTGGGCTGGGGCCCGCGCCGCCCCCCGCGCTCCGCCCCCGC;4;4;3;0
63;KCNQ2;NM_172107;c.1273_1274del;antisens; ATGCGGCTCCCGGCCGGGGGGCCTGGGCTGGGGCCCGCGCCGCCCCCCGCGCTCCGCCCCCGCTGAGCCTGAGCCCGACCCGGGGCGCCTCCCGCCAGGCACCATGGTGCAGAAGTCGCGCAACGGCGGCGTATACCCCGGCCCGAGCGGGGAGAAGAAGCTGAAGGTGGGCTTCGTGGGGCTGGACCCCGGCGCGCCCGACTCCACCCGGGACGGGGCGCTGCTGATCGCCGGCTCCGAGGCCCCCAAGCGCGGCAGCATCCTCAGCAAACCTCGCGCGGGCGGCGCGGGCGCCGGGAAGCCCCCCAAGCGCAACGCCTTCTACCGCAAGCTGCAGAATTTCCTCTACAACGTGCTGGAGCGGCCGCGCGGCTGGGCGTTCATCTACCACGCCTACGTGTTCCTCCTGGTTTTCTCCTGCCTCGTGCTGTCTGTGTTTTCCACCATCAAGGAGTATGAGAAGAGCTCGGAGGGGGCCCTCTACATCCTGGAAATCGTGACTATCGTGGTGTTTGGCGTGGAGTACTTCGTGCGGATCTGGGCCGCAGGCTGCTGCTGCCGGTACCGTGGCTGGAGGGGGCGGCTCAAGTTTGCCCGGAAACCGTTCTGTGTGATTGACATCATGGTGCTCATCGCCTCCATTGCGGTGCTGGCCGCCGGCTCCCAGGGCAACGTCTTTGCCACATCTGCGCTCCGGAGCCTGCGCTTCCTGCAGATTCTGCGGATGATCCGCATGGACCGGCGGGGAGGCACCTGGAAGCTGCTGGGCTCTGTGGTCTATGCCCACAGCAAGGAGCTGGTCACTGCCTGGTACATCGGCTTCCTTTGTCTCATCCTGGCCTCGTTCCTGGTGTACTTGGCAGAGAAGGGGGAGAACGACCACTTTGACACCTACGCGGATGCACTCTGGTGGGGCCTGATCACGCTGACCACCATTGGCTACGGGGACAAGTACCCCCAGACCTGGAACGGCAGGCTCCTTGCGGCAACCTTCACCCTCATCGGTGTCTCCTTCTTCGCGCTGCCTGCAGGCATCTTGGGGTCTGGGTTTGCCCTGAAGGTTCAGGAGCAGCACAGGCAGAAGCACTTTGAGAAGAGGCGGAACCCGGCAGCAGGCCTGATCCAGTCGGCCTGGAGATTCTACGCCACCAACCTCTCGCGCACAGACCTGCACTCCACGTGGCAGTACTACGAGCGAACGGTCACCGTGCCCATGTACAGTTCGCAAACTCAAACCTACGGGGCCTCCAGACTTATCCCCCCGCTGAACCAGCTGGAGCTGCTGAGGAACCTCAAGAG;4;4;3;0
65;KCNQ2;NM_172107;c.1273_1274del;antisens; ATGCGGCTCCCGGCCGGGGGGCCTGGGCTGGGGCCCGCGCCGCCCCCCGCGCTCCGCCCCCGCTGAGCCTGAGCCCGACCCGGGGCGCCTCCCGCCAGGCACCATGGTGCAGAAGTCGCGCAACGGCGGCGTATACCCCGGCCCGAGCGGGGAGAAGAAGCTGAAGGTGGGCTTCGTGGGGCTGGACCCCGGCGCGCCCGACTCCACCCGGGACGGGGCGCTGCTGATCGCCGGCTCCGAGGCCCCCAAGCGCGGCAGCATCCTCAGCAAACCTCGCGCGGGCGGCGCGGGCGCCGGGAAGCCCCCCAAGCGCAACGCCTTCTACCGCAAGCTGCAGAATTTCCTCTACAACGTGCTGGAGCGGCCGCGCGGCTGGGCGTTCATCTACCACGCCTACGTGTTCCTCCTGGTTTTCTCCTGCCTCGTGCTGTCTGTGTTTTCCACCATCAAGGAGTATGAGAAGAGCTCGGAGGGGGCCCTCTACATCCTGGAAATCGTGACTATCGTGGTGTTTGGCGTGGAGTACTTCGTGCGGATCTGGGCCGCAGGCTGCTGCTGCCGGTACCGTGGCTGGAGGGGGCGGCTCAAGTTTGCCCGGAAACCGTTCTGTGTGATTGACATCATGGTGCTCATCGCCTCCATTGCGGTGCTGGCCGCCGGCTCCCAGGGCAACGTCTTTGCCACATCTGCGCTCCGGAGCCTGCGCTTCCTGCAGATTCTGCGGATGATCCGCATGGACCGGCGGGGAGGCACCTGGAAGCTGCTGGGCTCTGTGGTCTATGCCCACAGCAAGGAGCTGGTCACTGCCTGGTACATCGGCTTCCTTTGTCTCATCCTGGCCTCGTTCCTGGTGTACTTGGCAGAGAAGGGGGAGAACGACCACTTTGACACCTACGCGGATGCACTCTGGTGGGGCCTGATCACGCTGACCACCATTGGCTACGGGGACAAGTACCCCCAGACCTGGAACGGCAGGCTCCTTGCGGCAACCTTCACCCTCATCGGTGTCTCCTTCTTCGCGCTGCCTGCAGGCATCTTGGGGTCTGGGTTTGCCCTGAAGGTTCAGGAGCAGCACAGGCAGAAGCACTTTGAGAAGAGGCGGAACCCGGCAGCAGGCCTGATCCAGTCGGCCTGGAGATTCTACGCCACCAACCTCTCGCGCACAGACCTGCACTCCACGTGGCAGTACTACGAGCGAACGGTCACCGTGCCCATGTACAGTTCGCAAACTCAAACCTACGGGGCCTCCAGACTTATCCCCCCGCTGAACCAGCTGGAGCTGCTGAGGAACCTCAAGAG;4;4;3;0
67;KCNQ2;NM_172107;c.1273_1274del;antisens; ATGCGGCTCCCGGCCGGGGGGCCTGGGCTGGGGCCCGCGCCGCCCCCCGCGCTCCGCCCCCGCTGAGCCTGAGCCCGACCCGGGGCGCCTCCCGCCAGGCACCATGGTGCAGAAGTCGCGCAACGGCGGCGTATACCCCGGCCCGAGCGGGGAGAAGAAGCTGAAGGTGGGCTTCGTGGGGCTGGACCCCGGCGCGCCCGACTCCACCCGGGACGGGGCGCTGCTGATCGCCGGCTCCGAGGCCCCCAAGCGCGGCAGCATCCTCAGCAAACCTCGCGCGGGCGGCGCGGGCGCCGGGAAGCCCCCCAAGCGCAACGCCTTCTACCGCAAGCTGCAGAATTTCCTCTACAACGTGCTGGAGCGGCCGCGCGGCTGGGCGTTCATCTACCACGCCTACGTGTTCCTCCTGGTTTTCTCCTGCCTCGTGCTGTCTGTGTTTTCCACCATCAAGGAGTATGAGAAGAGCTCGGAGGGGGCCCTCTACATCCTGGAAATCGTGACTATCGTGGTGTTTGGCGTGGAGTACTTCGTGCGGATCTGGGCCGCAGGCTGCTGCTGCCGGTACCGTGGCTGGAGGGGGCGGCTCAAGTTTGCCCGGAAACCGTTCTGTGTGATTGACATCATGGTGCTCATCGCCTCCATTGCGGTGCTGGCCGCCGGCTCCCAGGGCAACGTCTTTGCCACATCTGCGCTCCGGAGCCTGCGCTTCCTGCAGATTCTGCGGATGATCCGCATGGACCGGCGGGGAGGCACCTGGAAGCTGCTGGGCTCTGTGGTCTATGCCCACAGCAAGGAGCTGGTCACTGCCTGGTACATCGGCTTCCTTTGTCTCATCCTGGCCTCGTTCCTGGTGTACTTGGCAGAGAAGGGGGAGAACGACCACTTTGACACCTACGCGGATGCACTCTGGTGGGGCCTGATCACGCTGACCACCATTGGCTACGGGGACAAGTACCCCCAGACCTGGAACGGCAGGCTCCTTGCGGCAACCTTCACCCTCATCGGTGTCTCCTTCTTCGCGCTGCCTGCAGGCATCTTGGGGTCTGGGTTTGCCCTGAAGGTTCAGGAGCAGCACAGGCAGAAGCACTTTGAGAAGAGGCGGAACCCGGCAGCAGGCCTGATCCAGTCGGCCTGGAGATTCTACGCCACCAACCTCTCGCGCACAGACCTGCACTCCACGTGGCAGTACTACGAGCGAACGGTCACCGTGCCCATGTACAGTTCGCAAACTCAAACCTACGGGGCCTCCAGACTTATCCCCCCGCTGAACCAGCTGGAGCTGCTGAGGAACCTCAAGAG;4;4;-1;0
68;KCNQ2;NM_172106;c.1229delC;sens;ATGCGGCTCCCGGCCGGGGGGCCTGGGCTGGGGCCCGCGCCGCCCCCCGCGCTCCGCCCCCGC;4;4;-1;0
75;KCNQ2;NM_172106;c.1229delC;antisens; ATGCGGCTCCCGGCCGGGGGGCCTGGGCTGGGGCCCGCGCCGCCCCCCGCGCTCCGCCCCCGCTGAGCCTGAGCCCGACCCGGGGCGCCTCCCGCCAGGCACCATGGTGCAGAAGTCGCGCAACGGCGGCGTATACCCCGGCCCGAGCGGGGAGAAGAAGCTGAAGGTGGGCTTCGTGGGGCTGGACCCCGGCGCGCCCGACTCCACCCGGGACGGGGCGCTGCTGATCGCCGGCTCCGAGGCCCCCAAGCGCGGCAGCATCCTCAGCAAACCTCGCGCGGGCGGCGCGGGCGCCGGGAAGCCCCCCAAGCGCAACGCCTTCTACCGCAAGCTGCAGAATTTCCTCTACAACGTGCTGGAGCGGCCGCGCGGCTGGGCGTTCATCTACCACGCCTACGTGTTCCTCCTGGTTTTCTCCTGCCTCGTGCTGTCTGTGTTTTCCACCATCAAGGAGTATGAGAAGAGCTCGGAGGGGGCCCTCTACATCCTGGAAATCGTGACTATCGTGGTGTTTGGCGTGGAGTACTTCGTGCGGATCTGGGCCGCAGGCTGCTGCTGCCGGTACCGTGGCTGGAGGGGGCGGCTCAAGTTTGCCCGGAAACCGTTCTGTGTGATTGACATCATGGTGCTCATCGCCTCCATTGCGGTGCTGGCCGCCGGCTCCCAGGGCAACGTCTTTGCCACATCTGCGCTCCGGAGCCTGCGCTTCCTGCAGATTCTGCGGATGATCCGCATGGACCGGCGGGGAGGCACCTGGAAGCTGCTGGGCTCTGTGGTCTATGCCCACAGCAAGGAGCTGGTCACTGCCTGGTACATCGGCTTCCTTTGTCTCATCCTGGCCTCGTTCCTGGTGTACTTGGCAGAGAAGGGGGAGAACGACCACTTTGACACCTACGCGGATGCACTCTGGTGGGGCCTGATCACGCTGACCACCATTGGCTACGGGGACAAGTACCCCCAGACCTGGAACGGCAGGCTCCTTGCGGCAACCTTCACCCTCATCGGTGTCTCCTTCTTCGCGCTGCCTGCAGGCATCTTGGGGTCTGGGTTTGCCCTGAAGGTTCAGGAGCAGCACAGGCAGAAGCACTTTGAGAAGAGGCGGAACCCGGCAGCAGGCCTGATCCAGTCGGCCTGGAGATTCTACGCCACCAACCTCTCGCGCACAGACCTGCACTCCACGTGGCAGTACTACGAGCGAACGGTCACCGTGCCCATGTACAGTTCGCAAACTCAAACCTACGGGGCCTCCAGACTTATCCCCCCGCTGAACCAGCTGGAGCTGCTGAGGAACCTCAAGAG;4;4;-1;0
77;KCNQ2;NM_172106;c.1229delC;antisens; ATGCGGCTCCCGGCCGGGGGGCCTGGGCTGGGGCCCGCGCCGCCCCCCGCGCTCCGCCCCCGCTGAGCCTGAGCCCGACCCGGGGCGCCTCCCGCCAGGCACCATGGTGCAGAAGTCGCGCAACGGCGGCGTATACCCCGGCCCGAGCGGGGAGAAGAAGCTGAAGGTGGGCTTCGTGGGGCTGGACCCCGGCGCGCCCGACTCCACCCGGGACGGGGCGCTGCTGATCGCCGGCTCCGAGGCCCCCAAGCGCGGCAGCATCCTCAGCAAACCTCGCGCGGGCGGCGCGGGCGCCGGGAAGCCCCCCAAGCGCAACGCCTTCTACCGCAAGCTGCAGAATTTCCTCTACAACGTGCTGGAGCGGCCGCGCGGCTGGGCGTTCATCTACCACGCCTACGTGTTCCTCCTGGTTTTCTCCTGCCTCGTGCTGTCTGTGTTTTCCACCATCAAGGAGTATGAGAAGAGCTCGGAGGGGGCCCTCTACATCCTGGAAATCGTGACTATCGTGGTGTTTGGCGTGGAGTACTTCGTGCGGATCTGGGCCGCAGGCTGCTGCTGCCGGTACCGTGGCTGGAGGGGGCGGCTCAAGTTTGCCCGGAAACCGTTCTGTGTGATTGACATCATGGTGCTCATCGCCTCCATTGCGGTGCTGGCCGCCGGCTCCCAGGGCAACGTCTTTGCCACATCTGCGCTCCGGAGCCTGCGCTTCCTGCAGATTCTGCGGATGATCCGCATGGACCGGCGGGGAGGCACCTGGAAGCTGCTGGGCTCTGTGGTCTATGCCCACAGCAAGGAGCTGGTCACTGCCTGGTACATCGGCTTCCTTTGTCTCATCCTGGCCTCGTTCCTGGTGTACTTGGCAGAGAAGGGGGAGAACGACCACTTTGACACCTACGCGGATGCACTCTGGTGGGGCCTGATCACGCTGACCACCATTGGCTACGGGGACAAGTACCCCCAGACCTGGAACGGCAGGCTCCTTGCGGCAACCTTCACCCTCATCGGTGTCTCCTTCTTCGCGCTGCCTGCAGGCATCTTGGGGTCTGGGTTTGCCCTGAAGGTTCAGGAGCAGCACAGGCAGAAGCACTTTGAGAAGAGGCGGAACCCGGCAGCAGGCCTGATCCAGTCGGCCTGGAGATTCTACGCCACCAACCTCTCGCGCACAGACCTGCACTCCACGTGGCAGTACTACGAGCGAACGGTCACCGTGCCCATGTACAGTTCGCAAACTCAAACCTACGGGGCCTCCAGACTTATCCCCCCGCTGAACCAGCTGGAGCTGCTGAGGAACCTCAAGAG;4;4;-1;0
79;KCNQ2;NM_172106;c.1229delC;antisens; ATGCGGCTCCCGGCCGGGGGGCCTGGGCTGGGGCCCGCGCCGCCCCCCGCGCTCCGCCCCCGCTGAGCCTGAGCCCGACCCGGGGCGCCTCCCGCCAGGCACCATGGTGCAGAAGTCGCGCAACGGCGGCGTATACCCCGGCCCGAGCGGGGAGAAGAAGCTGAAGGTGGGCTTCGTGGGGCTGGACCCCGGCGCGCCCGACTCCACCCGGGACGGGGCGCTGCTGATCGCCGGCTCCGAGGCCCCCAAGCGCGGCAGCATCCTCAGCAAACCTCGCGCGGGCGGCGCGGGCGCCGGGAAGCCCCCCAAGCGCAACGCCTTCTACCGCAAGCTGCAGAATTTCCTCTACAACGTGCTGGAGCGGCCGCGCGGCTGGGCGTTCATCTACCACGCCTACGTGTTCCTCCTGGTTTTCTCCTGCCTCGTGCTGTCTGTGTTTTCCACCATCAAGGAGTATGAGAAGAGCTCGGAGGGGGCCCTCTACATCCTGGAAATCGTGACTATCGTGGTGTTTGGCGTGGAGTACTTCGTGCGGATCTGGGCCGCAGGCTGCTGCTGCCGGTACCGTGGCTGGAGGGGGCGGCTCAAGTTTGCCCGGAAACCGTTCTGTGTGATTGACATCATGGTGCTCATCGCCTCCATTGCGGTGCTGGCCGCCGGCTCCCAGGGCAACGTCTTTGCCACATCTGCGCTCCGGAGCCTGCGCTTCCTGCAGATTCTGCGGATGATCCGCATGGACCGGCGGGGAGGCACCTGGAAGCTGCTGGGCTCTGTGGTCTATGCCCACAGCAAGGAGCTGGTCACTGCCTGGTACATCGGCTTCCTTTGTCTCATCCTGGCCTCGTTCCTGGTGTACTTGGCAGAGAAGGGGGAGAACGACCACTTTGACACCTACGCGGATGCACTCTGGTGGGGCCTGATCACGCTGACCACCATTGGCTACGGGGACAAGTACCCCCAGACCTGGAACGGCAGGCTCCTTGCGGCAACCTTCACCCTCATCGGTGTCTCCTTCTTCGCGCTGCCTGCAGGCATCTTGGGGTCTGGGTTTGCCCTGAAGGTTCAGGAGCAGCACAGGCAGAAGCACTTTGAGAAGAGGCGGAACCCGGCAGCAGGCCTGATCCAGTCGGCCTGGAGATTCTACGCCACCAACCTCTCGCGCACAGACCTGCACTCCACGTGGCAGTACTACGAGCGAACGGTCACCGTGCCCATGTACAGTTCGCAAACTCAAACCTACGGGGCCTCCAGACTTATCCCCCCGCTGAACCAGCTGGAGCTGCTGAGGAACCTCAAGAG;4;4;-1;0
80;KCNQ2;NM_172106;c.1160dupC;sens;ATGCGGCTCCCGGCCGGGGGGCCTGGGCTGGGGCCCGCGCCGCCCCCCGCGCTCCGCCCCCGC;4;4;-1;0
87;KCNQ2;NM_172106;c.1160dupC;antisens; ATGCGGCTCCCGGCCGGGGGGCCTGGGCTGGGGCCCGCGCCGCCCCCCGCGCTCCGCCCCCGCTGAGCCTGAGCCCGACCCGGGGCGCCTCCCGCCAGGCACCATGGTGCAGAAGTCGCGCAACGGCGGCGTATACCCCGGCCCGAGCGGGGAGAAGAAGCTGAAGGTGGGCTTCGTGGGGCTGGACCCCGGCGCGCCCGACTCCACCCGGGACGGGGCGCTGCTGATCGCCGGCTCCGAGGCCCCCAAGCGCGGCAGCATCCTCAGCAAACCTCGCGCGGGCGGCGCGGGCGCCGGGAAGCCCCCCAAGCGCAACGCCTTCTACCGCAAGCTGCAGAATTTCCTCTACAACGTGCTGGAGCGGCCGCGCGGCTGGGCGTTCATCTACCACGCCTACGTGTTCCTCCTGGTTTTCTCCTGCCTCGTGCTGTCTGTGTTTTCCACCATCAAGGAGTATGAGAAGAGCTCGGAGGGGGCCCTCTACATCCTGGAAATCGTGACTATCGTGGTGTTTGGCGTGGAGTACTTCGTGCGGATCTGGGCCGCAGGCTGCTGCTGCCGGTACCGTGGCTGGAGGGGGCGGCTCAAGTTTGCCCGGAAACCGTTCTGTGTGATTGACATCATGGTGCTCATCGCCTCCATTGCGGTGCTGGCCGCCGGCTCCCAGGGCAACGTCTTTGCCACATCTGCGCTCCGGAGCCTGCGCTTCCTGCAGATTCTGCGGATGATCCGCATGGACCGGCGGGGAGGCACCTGGAAGCTGCTGGGCTCTGTGGTCTATGCCCACAGCAAGGAGCTGGTCACTGCCTGGTACATCGGCTTCCTTTGTCTCATCCTGGCCTCGTTCCTGGTGTACTTGGCAGAGAAGGGGGAGAACGACCACTTTGACACCTACGCGGATGCACTCTGGTGGGGCCTGATCACGCTGACCACCATTGGCTACGGGGACAAGTACCCCCAGACCTGGAACGGCAGGCTCCTTGCGGCAACCTTCACCCTCATCGGTGTCTCCTTCTTCGCGCTGCCTGCAGGCATCTTGGGGTCTGGGTTTGCCCTGAAGGTTCAGGAGCAGCACAGGCAGAAGCACTTTGAGAAGAGGCGGAACCCGGCAGCAGGCCTGATCCAGTCGGCCTGGAGATTCTACGCCACCAACCTCTCGCGCACAGACCTGCACTCCACGTGGCAGTACTACGAGCGAACGGTCACCGTGCCCATGTACAGTTCGCAAACTCAAACCTACGGGGCCTCCAGACTTATCCCCCCCGCTGAACCAGCTGGAGCTGCTGAGGAACCTCAAGAGTAAATCTGGACTCGCTTTCAGGAAGGACCCCCCGCCGGAGCCGTCTCCAAGCCAGAAGGTCAGTTTGAAAGATCGTGTCTTCTCCAGCCCCCGAGGCGTGGCTGCCAAGGGGAAGGGGTCCCCGCAGGCCCAGACTGTGAGGCGGTCACCCAGCGCCGACCAGAGCCTCGAGGACAGCCCCAGCAAGGTGCCCAAGAGCTGGAGCTTCGGGGACCGCAGCCGGGCACGCCAGGCTTTCCGCATCAAGGGTGCCGCGTCACGGCAGAACTCAGAAGAAGCAAGCCTCCCCGGAGAGGACATTGTGGATGACAAGAGCTGCCCCTGCGAGTTTGTGACCGAGGACCTGACCCCGGGCCTCAAAGTCAGCATCAGAGCCGTGTGTGTCATGCGGTTCCTGGTGTCCAAGCGGAAGTTCAAGGAGAGCCTGCGGCCCTACGACGTGATGGACGTCATCGAGCAGTACTCAGCCGGCCACCTGGACATGCTGTCCCGAATTAAGAGCCTGCAGTCCAGAGTGGACCAGATCGTGGGGCGGGGCCCAGCGATCACGGACAAGGACCGCACCAAGGGCCCGGCCGAGGCGGAGCTGCCCGAGGACCCCAGCATGATGGGACGGCTCGGGAAGGTGGAGAAGCAGGTCTTGTCCATGGAGAAGAAGCTGGACTTCCTGGTGAATATCTACATGCAGCGGATGGGCATCCCCCCGACAGAGACCGAGGCCTACTTTGGGGCCAAAGAGCCGGAGCCGGCGCCGCCGTACCACAGCCCGGAAGACAGCCGGGAGCATGTCGACAGGCACGGCTGCATTGTCAAGATCGTGCGCTCCAGCAGCTCCACGGGCCAGAAGAACTTCTCGGCGCCCCCGGCCGCGCCCCCTGTCCAGTGTCCGCCCTCCACCTCCTGGCAGCCACAGAGCCACCCGCGCCAGGGCCACGGCACCTCCCCCGTGGGGGACCACGGCTCCCTGGTGCGCATCCCGCCGCCGCCTGCCCACGAGCGGTCGCTGTCCGCCTACGGCGGGGGCAACCGCGCCAGCATGGAGTTCCTGCGGCAGGAGGACACCCCGGGCTGCAGGCCCCCCGAGGGGAACCTGCGGGACAGCGACACGTCCATCTCCATCCCGTCCGTGGACCACGAGGAGCTGGAGCGTTCCTTCAGCGGCTTCAGCATCTCCCAGTCCAAGGAGAACCTGGATGCTCTCAACAGCTGCTACGCGGCCGTGGCGCCTTGTGCCAAAGTCAGGCCCTACATTGCGGAGGGAGAGTCAGACACCGACTCCGACCTCTGTACCCCGTGCGGGCCCCCGCCACGCTCGGCCACCGGCGAGGGTCCCTTTGGTGACGTGGGCTGGGCCGGGCCCAGGAAGTGAGGCGGCGCTGGGCCAGTGGACCCGCCCGCGGCCCTCCTCAGCACGGTGCCTCCGAGGTTTTGAGGCGGGAACCCTCTGGGGCCCTTTTCTTACAGTAACTGAGTGTGGCGGGAAGGGTGGGCCCTGGAGGGGCCCATGTGGGCTGAAGGATGGGGGCTCCTGGCAGTGACCTTTTACAAAAGTTATTTTCCAACAGGGGCTGGAGGGCTGGGCAGGGCCCTGTGGCTCCAGGAGCAGCGTGCAGGAGCAAGGCTGCCCTGTCCACTCTGCTCAGGGCCGCGGCCGACATCAGCCCGGTGTGAGGAGGGGCGGGAGTGATGACGGGGTGTTGCCAGCGTGGCAACAGGCGGGGGGTTGTCTCAGCCGAGCCCAGGGGAGGCACAAAGGGCAGGCCTGTTCCCTGAGGACCTGCGCAAAGGGCGGGCCTGTTTGGTGAGGACCTGCGGCCTTGGGTCCCGGTGGGGTTTCCGGGCAGCTACAGGCGGGTGTGGCCGGCCGCTGTGCGTGGCCTCTGCCTTCACACCTGACCTGCCCGGCGGGCTTTCCTGTTCCCCACCTCAGGGGCGCCCAAATACAGAGCTATTGGTTGGCGTCTTCTCCCTGTACCTTCTGGGATCTGAGGGCTCTTTCCATGGAAGCCAGCCCCGAGGTGGAGACCTTCGCCTGCAGCCGAGGAGCGGGTGGGGCCTGGGAACCAAACTGGAGCCAGAGTGGACGTCCAGCCCTCTGGTCTTGGCCTCCAGAGGGAGGGCCTGGCTCACGGTGGGGCCAGGGAGCCGGCTCCAAAGGGTCTTCAAAAAGGGGGTCCTTGGGGGCTCCAGCTGCCTCGCCCTGGCCTTTCTGTGGGTGCGTGAGAGCCAGCAGCACCCCAGCCTTGGAGACCGGGGGGGCAGGACCCCAAGTCCTCCCCTCTCTCCTGACTGCCCTGGCCGGGTGCCGGCACTGCGAGACCCACCTGGTGAGCAGGCCTCACAGTTCT;33;2;-1;0
89;KCNQ2;NM_172106;c.1160dupC;antisens; ATGCGGCTCCCGGCCGGGGGGCCTGGGCTGGGGCCCGCGCCGCCCCCCGCGCTCCGCCCCCGCTGAGCCTGAGCCCGACCCGGGGCGCCTCCCGCCAGGCACCATGGTGCAGAAGTCGCGCAACGGCGGCGTATACCCCGGCCCGAGCGGGGAGAAGAAGCTGAAGGTGGGCTTCGTGGGGCTGGACCCCGGCGCGCCCGACTCCACCCGGGACGGGGCGCTGCTGATCGCCGGCTCCGAGGCCCCCAAGCGCGGCAGCATCCTCAGCAAACCTCGCGCGGGCGGCGCGGGCGCCGGGAAGCCCCCCAAGCGCAACGCCTTCTACCGCAAGCTGCAGAATTTCCTCTACAACGTGCTGGAGCGGCCGCGCGGCTGGGCGTTCATCTACCACGCCTACGTGTTCCTCCTGGTTTTCTCCTGCCTCGTGCTGTCTGTGTTTTCCACCATCAAGGAGTATGAGAAGAGCTCGGAGGGGGCCCTCTACATCCTGGAAATCGTGACTATCGTGGTGTTTGGCGTGGAGTACTTCGTGCGGATCTGGGCCGCAGGCTGCTGCTGCCGGTACCGTGGCTGGAGGGGGCGGCTCAAGTTTGCCCGGAAACCGTTCTGTGTGATTGACATCATGGTGCTCATCGCCTCCATTGCGGTGCTGGCCGCCGGCTCCCAGGGCAACGTCTTTGCCACATCTGCGCTCCGGAGCCTGCGCTTCCTGCAGATTCTGCGGATGATCCGCATGGACCGGCGGGGAGGCACCTGGAAGCTGCTGGGCTCTGTGGTCTATGCCCACAGCAAGGAGCTGGTCACTGCCTGGTACATCGGCTTCCTTTGTCTCATCCTGGCCTCGTTCCTGGTGTACTTGGCAGAGAAGGGGGAGAACGACCACTTTGACACCTACGCGGATGCACTCTGGTGGGGCCTGATCACGCTGACCACCATTGGCTACGGGGACAAGTACCCCCAGACCTGGAACGGCAGGCTCCTTGCGGCAACCTTCACCCTCATCGGTGTCTCCTTCTTCGCGCTGCCTGCAGGCATCTTGGGGTCTGGGTTTGCCCTGAAGGTTCAGGAGCAGCACAGGCAGAAGCACTTTGAGAAGAGGCGGAACCCGGCAGCAGGCCTGATCCAGTCGGCCTGGAGATTCTACGCCACCAACCTCTCGCGCACAGACCTGCACTCCACGTGGCAGTACTACGAGCGAACGGTCACCGTGCCCATGTACAGTTCGCAAACTCAAACCTACGGGGCCTCCAGACTTATCCCCCCCGCTGAACCAGCTGGAGCTGCTGAGGAACCTCAAGAGTAAATCTGGACTCGCTTTCAGGAAGGACCCCCCGCCGGAGCCGTCTCCAAGCCAGAAGGTCAGTTTGAAAGATCGTGTCTTCTCCAGCCCCCGAGGCGTGGCTGCCAAGGGGAAGGGGTCCCCGCAGGCCCAGACTGTGAGGCGGTCACCCAGCGCCGACCAGAGCCTCGAGGACAGCCCCAGCAAGGTGCCCAAGAGCTGGAGCTTCGGGGACCGCAGCCGGGCACGCCAGGCTTTCCGCATCAAGGGTGCCGCGTCACGGCAGAACTCAGAAGAAGCAAGCCTCCCCGGAGAGGACATTGTGGATGACAAGAGCTGCCCCTGCGAGTTTGTGACCGAGGACCTGACCCCGGGCCTCAAAGTCAGCATCAGAGCCGTGTGTGTCATGCGGTTCCTGGTGTCCAAGCGGAAGTTCAAGGAGAGCCTGCGGCCCTACGACGTGATGGACGTCATCGAGCAGTACTCAGCCGGCCACCTGGACATGCTGTCCCGAATTAAGAGCCTGCAGTCCAGAGTGGACCAGATCGTGGGGCGGGGCCCAGCGATCACGGACAAGGACCGCACCAAGGGCCCGGCCGAGGCGGAGCTGCCCGAGGACCCCAGCATGATGGGACGGCTCGGGAAGGTGGAGAAGCAGGTCTTGTCCATGGAGAAGAAGCTGGACTTCCTGGTGAATATCTACATGCAGCGGATGGGCATCCCCCCGACAGAGACCGAGGCCTACTTTGGGGCCAAAGAGCCGGAGCCGGCGCCGCCGTACCACAGCCCGGAAGACAGCCGGGAGCATGTCGACAGGCACGGCTGCATTGTCAAGATCGTGCGCTCCAGCAGCTCCACGGGCCAGAAGAACTTCTCGGCGCCCCCGGCCGCGCCCCCTGTCCAGTGTCCGCCCTCCACCTCCTGGCAGCCACAGAGCCACCCGCGCCAGGGCCACGGCACCTCCCCCGTGGGGGACCACGGCTCCCTGGTGCGCATCCCGCCGCCGCCTGCCCACGAGCGGTCGCTGTCCGCCTACGGCGGGGGCAACCGCGCCAGCATGGAGTTCCTGCGGCAGGAGGACACCCCGGGCTGCAGGCCCCCCGAGGGGAACCTGCGGGACAGCGACACGTCCATCTCCATCCCGTCCGTGGACCACGAGGAGCTGGAGCGTTCCTTCAGCGGCTTCAGCATCTCCCAGTCCAAGGAGAACCTGGATGCTCTCAACAGCTGCTACGCGGCCGTGGCGCCTTGTGCCAAAGTCAGGCCCTACATTGCGGAGGGAGAGTCAGACACCGACTCCGACCTCTGTACCCCGTGCGGGCCCCCGCCACGCTCGGCCACCGGCGAGGGTCCCTTTGGTGACGTGGGCTGGGCCGGGCCCAGGAAGTGAGGCGGCGCTGGGCCAGTGGACCCGCCCGCGGCCCTCCTCAGCACGGTGCCTCCGAGGTTTTGAGGCGGGAACCCTCTGGGGCCCTTTTCTTACAGTAACTGAGTGTGGCGGGAAGGGTGGGCCCTGGAGGGGCCCATGTGGGCTGAAGGATGGGGGCTCCTGGCAGTGACCTTTTACAAAAGTTATTTTCCAACAGGGGCTGGAGGGCTGGGCAGGGCCCTGTGGCTCCAGGAGCAGCGTGCAGGAGCAAGGCTGCCCTGTCCACTCTGCTCAGGGCCGCGGCCGACATCAGCCCGGTGTGAGGAGGGGCGGGAGTGATGACGGGGTGTTGCCAGCGTGGCAACAGGCGGGGGGTTGTCTCAGCCGAGCCCAGGGGAGGCACAAAGGGCAGGCCTGTTCCCTGAGGACCTGCGCAAAGGGCGGGCCTGTTTGGTGAGGACCTGCGGCCTTGGGTCCCGGTGGGGTTTCCGGGCAGCTACAGGCGGGTGTGGCCGGCCGCTGTGCGTGGCCTCTGCCTTCACACCTGACCTGCCCGGCGGGCTTTCCTGTTCCCCACCTCAGGGGCGCCCAAATACAGAGCTATTGGTTGGCGTCTTCTCCCTGTACCTTCTGGGATCTGAGGGCTCTTTCCATGGAAGCCAGCCCCGAGGTGGAGACCTTCGCCTGCAGCCGAGGAGCGGGTGGGGCCTGGGAACCAAACTGGAGCCAGAGTGGACGTCCAGCCCTCTGGTCTTGGCCTCCAGAGGGAGGGCCTGGCTCACGGTGGGGCCAGGGAGCCGGCTCCAAAGGGTCTTCAAAAAGGGGGTCCTTGGGGGCTCCAGCTGCCTCGCCCTGGCCTTTCTGTGGGTGCGTGAGAGCCAGCAGCACCCCAGCCTTGGAGACCGGGGGGGCAGGACCCCAAGTCCTCCCCTCTCTCCTGACTGCCCTGGCCGGGTGCCGGCACTGCGAGACCCACCTGGTGAGCAGGCCTCACAGTTCT;33;2;-1;0
91;KCNQ2;NM_172106;c.1160dupC;antisens; ATGCGGCTCCCGGCCGGGGGGCCTGGGCTGGGGCCCGCGCCGCCCCCCGCGCTCCGCCCCCGCTGAGCCTGAGCCCGACCCGGGGCGCCTCCCGCCAGGCACCATGGTGCAGAAGTCGCGCAACGGCGGCGTATACCCCGGCCCGAGCGGGGAGAAGAAGCTGAAGGTGGGCTTCGTGGGGCTGGACCCCGGCGCGCCCGACTCCACCCGGGACGGGGCGCTGCTGATCGCCGGCTCCGAGGCCCCCAAGCGCGGCAGCATCCTCAGCAAACCTCGCGCGGGCGGCGCGGGCGCCGGGAAGCCCCCCAAGCGCAACGCCTTCTACCGCAAGCTGCAGAATTTCCTCTACAACGTGCTGGAGCGGCCGCGCGGCTGGGCGTTCATCTACCACGCCTACGTGTTCCTCCTGGTTTTCTCCTGCCTCGTGCTGTCTGTGTTTTCCACCATCAAGGAGTATGAGAAGAGCTCGGAGGGGGCCCTCTACATCCTGGAAATCGTGACTATCGTGGTGTTTGGCGTGGAGTACTTCGTGCGGATCTGGGCCGCAGGCTGCTGCTGCCGGTACCGTGGCTGGAGGGGGCGGCTCAAGTTTGCCCGGAAACCGTTCTGTGTGATTGACATCATGGTGCTCATCGCCTCCATTGCGGTGCTGGCCGCCGGCTCCCAGGGCAACGTCTTTGCCACATCTGCGCTCCGGAGCCTGCGCTTCCTGCAGATTCTGCGGATGATCCGCATGGACCGGCGGGGAGGCACCTGGAAGCTGCTGGGCTCTGTGGTCTATGCCCACAGCAAGGAGCTGGTCACTGCCTGGTACATCGGCTTCCTTTGTCTCATCCTGGCCTCGTTCCTGGTGTACTTGGCAGAGAAGGGGGAGAACGACCACTTTGACACCTACGCGGATGCACTCTGGTGGGGCCTGATCACGCTGACCACCATTGGCTACGGGGACAAGTACCCCCAGACCTGGAACGGCAGGCTCCTTGCGGCAACCTTCACCCTCATCGGTGTCTCCTTCTTCGCGCTGCCTGCAGGCATCTTGGGGTCTGGGTTTGCCCTGAAGGTTCAGGAGCAGCACAGGCAGAAGCACTTTGAGAAGAGGCGGAACCCGGCAGCAGGCCTGATCCAGTCGGCCTGGAGATTCTACGCCACCAACCTCTCGCGCACAGACCTGCACTCCACGTGGCAGTACTACGAGCGAACGGTCACCGTGCCCATGTACAGTTCGCAAACTCAAACCTACGGGGCCTCCAGACTTATCCCCCCCGCTGAACCAGCTGGAGCTGCTGAGGAACCTCAAGAGTAAATCTGGACTCGCTTTCAGGAAGGACCCCCCGCCGGAGCCGTCTCCAAGCCAGAAGGTCAGTTTGAAAGATCGTGTCTTCTCCAGCCCCCGAGGCGTGGCTGCCAAGGGGAAGGGGTCCCCGCAGGCCCAGACTGTGAGGCGGTCACCCAGCGCCGACCAGAGCCTCGAGGACAGCCCCAGCAAGGTGCCCAAGAGCTGGAGCTTCGGGGACCGCAGCCGGGCACGCCAGGCTTTCCGCATCAAGGGTGCCGCGTCACGGCAGAACTCAGAAGAAGCAAGCCTCCCCGGAGAGGACATTGTGGATGACAAGAGCTGCCCCTGCGAGTTTGTGACCGAGGACCTGACCCCGGGCCTCAAAGTCAGCATCAGAGCCGTGTGTGTCATGCGGTTCCTGGTGTCCAAGCGGAAGTTCAAGGAGAGCCTGCGGCCCTACGACGTGATGGACGTCATCGAGCAGTACTCAGCCGGCCACCTGGACATGCTGTCCCGAATTAAGAGCCTGCAGTCCAGAGTGGACCAGATCGTGGGGCGGGGCCCAGCGATCACGGACAAGGACCGCACCAAGGGCCCGGCCGAGGCGGAGCTGCCCGAGGACCCCAGCATGATGGGACGGCTCGGGAAGGTGGAGAAGCAGGTCTTGTCCATGGAGAAGAAGCTGGACTTCCTGGTGAATATCTACATGCAGCGGATGGGCATCCCCCCGACAGAGACCGAGGCCTACTTTGGGGCCAAAGAGCCGGAGCCGGCGCCGCCGTACCACAGCCCGGAAGACAGCCGGGAGCATGTCGACAGGCACGGCTGCATTGTCAAGATCGTGCGCTCCAGCAGCTCCACGGGCCAGAAGAACTTCTCGGCGCCCCCGGCCGCGCCCCCTGTCCAGTGTCCGCCCTCCACCTCCTGGCAGCCACAGAGCCACCCGCGCCAGGGCCACGGCACCTCCCCCGTGGGGGACCACGGCTCCCTGGTGCGCATCCCGCCGCCGCCTGCCCACGAGCGGTCGCTGTCCGCCTACGGCGGGGGCAACCGCGCCAGCATGGAGTTCCTGCGGCAGGAGGACACCCCGGGCTGCAGGCCCCCCGAGGGGAACCTGCGGGACAGCGACACGTCCATCTCCATCCCGTCCGTGGACCACGAGGAGCTGGAGCGTTCCTTCAGCGGCTTCAGCATCTCCCAGTCCAAGGAGAACCTGGATGCTCTCAACAGCTGCTACGCGGCCGTGGCGCCTTGTGCCAAAGTCAGGCCCTACATTGCGGAGGGAGAGTCAGACACCGACTCCGACCTCTGTACCCCGTGCGGGCCCCCGCCACGCTCGGCCACCGGCGAGGGTCCCTTTGGTGACGTGGGCTGGGCCGGGCCCAGGAAGTGAGGCGGCGCTGGGCCAGTGGACCCGCCCGCGGCCCTCCTCAGCACGGTGCCTCCGAGGTTTTGAGGCGGGAACCCTCTGGGGCCCTTTTCTTACAGTAACTGAGTGTGGCGGGAAGGGTGGGCCCTGGAGGGGCCCATGTGGGCTGAAGGATGGGGGCTCCTGGCAGTGACCTTTTACAAAAGTTATTTTCCAACAGGGGCTGGAGGGCTGGGCAGGGCCCTGTGGCTCCAGGAGCAGCGTGCAGGAGCAAGGCTGCCCTGTCCACTCTGCTCAGGGCCGCGGCCGACATCAGCCCGGTGTGAGGAGGGGCGGGAGTGATGACGGGGTGTTGCCAGCGTGGCAACAGGCGGGGGGTTGTCTCAGCCGAGCCCAGGGGAGGCACAAAGGGCAGGCCTGTTCCCTGAGGACCTGCGCAAAGGGCGGGCCTGTTTGGTGAGGACCTGCGGCCTTGGGTCCCGGTGGGGTTTCCGGGCAGCTACAGGCGGGTGTGGCCGGCCGCTGTGCGTGGCCTCTGCCTTCACACCTGACCTGCCCGGCGGGCTTTCCTGTTCCCCACCTCAGGGGCGCCCAAATACAGAGCTATTGGTTGGCGTCTTCTCCCTGTACCTTCTGGGATCTGAGGGCTCTTTCCATGGAAGCCAGCCCCGAGGTGGAGACCTTCGCCTGCAGCCGAGGAGCGGGTGGGGCCTGGGAACCAAACTGGAGCCAGAGTGGACGTCCAGCCCTCTGGTCTTGGCCTCCAGAGGGAGGGCCTGGCTCACGGTGGGGCCAGGGAGCCGGCTCCAAAGGGTCTTCAAAAAGGGGGTCCTTGGGGGCTCCAGCTGCCTCGCCCTGGCCTTTCTGTGGGTGCGTGAGAGCCAGCAGCACCCCAGCCTTGGAGACCGGGGGGGCAGGACCCCAAGTCCTCCCCTCTCTCCTGACTGCCCTGGCCGGGTGCCGGCACTGCGAGACCCACCTGGTGAGCAGGCCTCACAGTTCT;33;2;-1;0
92;KCNQ2;NM_172109;c.1164delA;sens;ATGCGGCTCCCGGCCGGGGGGCCTGGGCTGGGGCCCGCGCCGCCCCCCGCGCTCCGCCCCCGC;4;4;-1;0
99;KCNQ2;NM_172109;c.1164delA;antisens; ATGCGGCTCCCGGCCGGGGGGCCTGGGCTGGGGCCCGCGCCGCCCCCCGCGCTCCGCCCCCGCTGAGCCTGAGCCCGACCCGGGGCGCCTCCCGCCAGGCACCATGGTGCAGAAGTCGCGCAACGGCGGCGTATACCCCGGCCCGAGCGGGGAGAAGAAGCTGAAGGTGGGCTTCGTGGGGCTGGACCCCGGCGCGCCCGACTCCACCCGGGACGGGGCGCTGCTGATCGCCGGCTCCGAGGCCCCCAAGCGCGGCAGCATCCTCAGCAAACCTCGCGCGGGCGGCGCGGGCGCCGGGAAGCCCCCCAAGCGCAACGCCTTCTACCGCAAGCTGCAGAATTTCCTCTACAACGTGCTGGAGCGGCCGCGCGGCTGGGCGTTCATCTACCACGCCTACGTGTTCCTCCTGGTTTTCTCCTGCCTCGTGCTGTCTGTGTTTTCCACCATCAAGGAGTATGAGAAGAGCTCGGAGGGGGCCCTCTACATCCTGGAAATCGTGACTATCGTGGTGTTTGGCGTGGAGTACTTCGTGCGGATCTGGGCCGCAGGCTGCTGCTGCCGGTACCGTGGCTGGAGGGGGCGGCTCAAGTTTGCCCGGAAACCGTTCTGTGTGATTGACATCATGGTGCTCATCGCCTCCATTGCGGTGCTGGCCGCCGGCTCCCAGGGCAACGTCTTTGCCACATCTGCGCTCCGGAGCCTGCGCTTCCTGCAGATTCTGCGGATGATCCGCATGGACCGGCGGGGAGGCACCTGGAAGCTGCTGGGCTCTGTGGTCTATGCCCACAGCAAGGAGCTGGTCACTGCCTGGTACATCGGCTTCCTTTGTCTCATCCTGGCCTCGTTCCTGGTGTACTTGGCAGAGAAGGGGGAGAACGACCACTTTGACACCTACGCGGATGCACTCTGGTGGGGCCTGATCACGCTGACCACCATTGGCTACGGGGACAAGTACCCCCAGACCTGGAACGGCAGGCTCCTTGCGGCAACCTTCACCCTCATCGGTGTCTCCTTCTTCGCGCTGCCTGCAGGCATCTTGGGGTCTGGGTTTGCCCTGAAGGTTCAGGAGCAGCACAGGCAGAAGCACTTTGAGAAGAGGCGGAACCCGGCAGCAGGCCTGATCCAGTCGGCCTGGAGATTCTACGCCACCAACCTCTCGCGCACAGACCTGCACTCCACGTGGCAGTACTACGAGCGAACGGTCACCGTGCCCATGTACAGGTACCGCCGCCGGGCACCTGCCACCAAGCAACTGTTTCATTTTTTTTTTCCATTTGTTCT;33;2;-1;0
101;KCNQ2;NM_172109;c.1164delA;antisens; ATGCGGCTCCCGGCCGGGGGGCCTGGGCTGGGGCCCGCGCCGCCCCCCGCGCTCCGCCCCCGCTGAGCCTGAGCCCGACCCGGGGCGCCTCCCGCCAGGCACCATGGTGCAGAAGTCGCGCAACGGCGGCGTATACCCCGGCCCGAGCGGGGAGAAGAAGCTGAAGGTGGGCTTCGTGGGGCTGGACCCCGGCGCGCCCGACTCCACCCGGGACGGGGCGCTGCTGATCGCCGGCTCCGAGGCCCCCAAGCGCGGCAGCATCCTCAGCAAACCTCGCGCGGGCGGCGCGGGCGCCGGGAAGCCCCCCAAGCGCAACGCCTTCTACCGCAAGCTGCAGAATTTCCTCTACAACGTGCTGGAGCGGCCGCGCGGCTGGGCGTTCATCTACCACGCCTACGTGTTCCTCCTGGTTTTCTCCTGCCTCGTGCTGTCTGTGTTTTCCACCATCAAGGAGTATGAGAAGAGCTCGGAGGGGGCCCTCTACATCCTGGAAATCGTGACTATCGTGGTGTTTGGCGTGGAGTACTTCGTGCGGATCTGGGCCGCAGGCTGCTGCTGCCGGTACCGTGGCTGGAGGGGGCGGCTCAAGTTTGCCCGGAAACCGTTCTGTGTGATTGACATCATGGTGCTCATCGCCTCCATTGCGGTGCTGGCCGCCGGCTCCCAGGGCAACGTCTTTGCCACATCTGCGCTCCGGAGCCTGCGCTTCCTGCAGATTCTGCGGATGATCCGCATGGACCGGCGGGGAGGCACCTGGAAGCTGCTGGGCTCTGTGGTCTATGCCCACAGCAAGGAGCTGGTCACTGCCTGGTACATCGGCTTCCTTTGTCTCATCCTGGCCTCGTTCCTGGTGTACTTGGCAGAGAAGGGGGAGAACGACCACTTTGACACCTACGCGGATGCACTCTGGTGGGGCCTGATCACGCTGACCACCATTGGCTACGGGGACAAGTACCCCCAGACCTGGAACGGCAGGCTCCTTGCGGCAACCTTCACCCTCATCGGTGTCTCCTTCTTCGCGCTGCCTGCAGGCATCTTGGGGTCTGGGTTTGCCCTGAAGGTTCAGGAGCAGCACAGGCAGAAGCACTTTGAGAAGAGGCGGAACCCGGCAGCAGGCCTGATCCAGTCGGCCTGGAGATTCTACGCCACCAACCTCTCGCGCACAGACCTGCACTCCACGTGGCAGTACTACGAGCGAACGGTCACCGTGCCCATGTACAGGTACCGCCGCCGGGCACCTGCCACCAAGCAACTGTTTCATTTTTTTTTTCCATTTGTTCT;33;2;-1;0
103;KCNQ2;NM_172109;c.1164delA;antisens; ATGCGGCTCCCGGCCGGGGGGCCTGGGCTGGGGCCCGCGCCGCCCCCCGCGCTCCGCCCCCGCTGAGCCTGAGCCCGACCCGGGGCGCCTCCCGCCAGGCACCATGGTGCAGAAGTCGCGCAACGGCGGCGTATACCCCGGCCCGAGCGGGGAGAAGAAGCTGAAGGTGGGCTTCGTGGGGCTGGACCCCGGCGCGCCCGACTCCACCCGGGACGGGGCGCTGCTGATCGCCGGCTCCGAGGCCCCCAAGCGCGGCAGCATCCTCAGCAAACCTCGCGCGGGCGGCGCGGGCGCCGGGAAGCCCCCCAAGCGCAACGCCTTCTACCGCAAGCTGCAGAATTTCCTCTACAACGTGCTGGAGCGGCCGCGCGGCTGGGCGTTCATCTACCACGCCTACGTGTTCCTCCTGGTTTTCTCCTGCCTCGTGCTGTCTGTGTTTTCCACCATCAAGGAGTATGAGAAGAGCTCGGAGGGGGCCCTCTACATCCTGGAAATCGTGACTATCGTGGTGTTTGGCGTGGAGTACTTCGTGCGGATCTGGGCCGCAGGCTGCTGCTGCCGGTACCGTGGCTGGAGGGGGCGGCTCAAGTTTGCCCGGAAACCGTTCTGTGTGATTGACATCATGGTGCTCATCGCCTCCATTGCGGTGCTGGCCGCCGGCTCCCAGGGCAACGTCTTTGCCACATCTGCGCTCCGGAGCCTGCGCTTCCTGCAGATTCTGCGGATGATCCGCATGGACCGGCGGGGAGGCACCTGGAAGCTGCTGGGCTCTGTGGTCTATGCCCACAGCAAGGAGCTGGTCACTGCCTGGTACATCGGCTTCCTTTGTCTCATCCTGGCCTCGTTCCTGGTGTACTTGGCAGAGAAGGGGGAGAACGACCACTTTGACACCTACGCGGATGCACTCTGGTGGGGCCTGATCACGCTGACCACCATTGGCTACGGGGACAAGTACCCCCAGACCTGGAACGGCAGGCTCCTTGCGGCAACCTTCACCCTCATCGGTGTCTCCTTCTTCGCGCTGCCTGCAGGCATCTTGGGGTCTGGGTTTGCCCTGAAGGTTCAGGAGCAGCACAGGCAGAAGCACTTTGAGAAGAGGCGGAACCCGGCAGCAGGCCTGATCCAGTCGGCCTGGAGATTCTACGCCACCAACCTCTCGCGCACAGACCTGCACTCCACGTGGCAGTACTACGAGCGAACGGTCACCGTGCCCATGTACAGGTACCGCCGCCGGGCACCTGCCACCAAGCAACTGTTTCATTTTTTTTTTCCATTTGTTCT;33;2;-1;0
104;KCNQ2;NM_172109;c.1163dupT;sens;ATGCGGCTCCCGGCCGGGGGGCCTGGGCTGGGGCCCGCGCCGCCCCCCGCGCTCCGCCCCCGC;4;4;-1;0
110;KCNQ2;NM_172109;c.1156_1157del;sens;ATGCGGCTCCCGGCCGGGGGGCCTGGGCTGGGGCCCGCGCCGCCCCCCGCGCTCCGCCCCCGC;4;4;-1;0
126;KCNQ1;NM_000218;c.73delC;sens; ATGGCCGCGGCCTCCTCCCCGCCCAGGGCCGAGAGGAAGCGCTGGGGTTGGGGCCGCCTGCCAGGCGCCCGGGGGGCAGCGCGGGCCTGGCCAAGAAGTGCCCCTTCTCGCTGGAGCTGGCGGAGGGCGGCCCGGCGGGCGGCGCGCTCTACGCGCCCATCGCGCCCGGCGCCCCAGGTCCCGCGCCCCCTGCGTCCCCGGCCGCGCCCGCCGCGCCCCCAGTTGCCTCCGACCTTGGCCCGCGGCCGCCGGTGAGCCTAGACCCGCGCGTCTCCATCTACAGCACGCGCCGCCCGGTGTTGGCGCGCACCCACGTCCAGGGCCGCGTCTACAACTTCCTCGAGCGTCCCACCGGCTGGAAATGCTTCGTTTACCACTTCGCCGTCTTCCTCATCGTCCTGGTCTGCCTCATCTTCAGCGTGCTGTCCACCATCGAGCAGTATGCCGCCCTGGCCACGGGGACTCTCTTCTGGATGGAGATCGTGCTGGTGGTGTTCTTCGGGACGGAGTACGTGGTCCGCCTCTGGTCCGCCGGCTGCCGCAGCAAGTACGTGGGCCTCTGGGGGCGGCTGCGCTTTGCCCGGAAGCCCATTTCCATCATCGACCTCATCGTGGTCGTGGCCTCCATGGTGGTCCTCTGCGTGGGCTCCAAGGGGCAGGTGTTTGCCACGTCGGCCATCAGGGGCATCCGCTTCCTGCAGATCCTGAGGATGCTACACGTCGACCGCCAGGGAGGCACCTGGAGGCTCCTGGGCTCCGTGGTCTTCATCCACCGCCAGGAGCTGA;10;14;-1;0
129;KCNQ1;NM_000218;c.73delC;sens; ATGGCCGCGGCCTCCTCCCCGCCCAGGGCCGAGAGGAAGCGCTGGGGTTGGGGCCGCCTGCCAGGCGCCCGGGGGGCAGCGCGGGCCTGGCCAAGAAGTGCCCCTTCTCGCTGGAGCTGGCGGAGGGCGGCCCGGCGGGCGGCGCGCTCTACGCGCCCATCGCGCCCGGCGCCCCAGGTCCCGCGCCCCCTGCGTCCCCGGCCGCGCCCGCCGCGCCCCCAGTTGCCTCCGACCTTGGCCCGCGGCCGCCGGTGAGCCTAGACCCGCGCGTCTCCATCTACAGCACGCGCCGCCCGGTGTTGGCGCGCACCCACGTCCAGGGCCGCGTCTACAACTTCCTCGAGCGTCCCACCGGCTGGAAATGCTTCGTTTACCACTTCGCCGTCTTCCTCATCGTCCTGGTCTGCCTCATCTTCAGCGTGCTGTCCACCATCGAGCAGTATGCCGCCCTGGCCACGGGGACTCTCTTCTGGATGGAGATCGTGCTGGTGGTGTTCTTCGGGACGGAGTACGTGGTCCGCCTCTGGTCCGCCGGCTGCCGCAGCAAGTACGTGGGCCTCTGGGGGCGGCTGCGCTTTGCCCGGAAGCCCATTTCCATCATCGACCTCATCGTGGTCGTGGCCTCCATGGTGGTCCTCTGCGTGGGCTCCAAGGGGCAGGTGTTTGCCACGTCGGCCATCAGGGGCATCCGCTTCCTGCAGATCCTGAGGATGCTACACGTCGACCGCCAGGGAGGCACCTGGAGGCTCCTGGGCTCCGTGGTCTTCATCCACCGCCAGGAGCTGA;10;14;-1;0
132;KCNQ1;NM_000218;c.73delC;sens; ATGGCCGCGGCCTCCTCCCCGCCCAGGGCCGAGAGGAAGCGCTGGGGTTGGGGCCGCCTGCCAGGCGCCCGGGGGGCAGCGCGGGCCTGGCCAAGAAGTGCCCCTTCTCGCTGGAGCTGGCGGAGGGCGGCCCGGCGGGCGGCGCGCTCTACGCGCCCATCGCGCCCGGCGCCCCAGGTCCCGCGCCCCCTGCGTCCCCGGCCGCGCCCGCCGCGCCCCCAGTTGCCTCCGACCTTGGCCCGCGGCCGCCGGTGAGCCTAGACCCGCGCGTCTCCATCTACAGCACGCGCCGCCCGGTGTTGGCGCGCACCCACGTCCAGGGCCGCGTCTACAACTTCCTCGAGCGTCCCACCGGCTGGAAATGCTTCGTTTACCACTTCGCCGTCTTCCTCATCGTCCTGGTCTGCCTCATCTTCAGCGTGCTGTCCACCATCGAGCAGTATGCCGCCCTGGCCACGGGGACTCTCTTCTGGATGGAGATCGTGCTGGTGGTGTTCTTCGGGACGGAGTACGTGGTCCGCCTCTGGTCCGCCGGCTGCCGCAGCAAGTACGTGGGCCTCTGGGGGCGGCTGCGCTTTGCCCGGAAGCCCATTTCCATCATCGACCTCATCGTGGTCGTGGCCTCCATGGTGGTCCTCTGCGTGGGCTCCAAGGGGCAGGTGTTTGCCACGTCGGCCATCAGGGGCATCCGCTTCCTGCAGATCCTGAGGATGCTACACGTCGACCGCCAGGGAGGCACCTGGAGGCTCCTGGGCTCCGTGGTCTTCATCCACCGCCAGGAGCTGA;10;14;-1;0
133;KCNQ1;NM_000218;c.73delC;antisens;ATGGCCGCGGCCTCCTCCCCGCCCAGGGCCGAGAGGAAGCGCTGGGGTTGGGGCCGCCTGCCAGGCGCCCGGGGGGCAGCGCGGGCCTGGCCAAGAAGTGCCCCTTCTCGCTGGAGCTGGCGGAGGGCGGCCCGGCGGGCGGCGCGCTCTACGCGCCCATCGCGCCCGGCGCCCCAGGTCCCGCGCCCCCTGCGTCCCCGGCCGCGCCCGCCGCGCCCCCAGTTGCCTCCGACCTTGGCCCGCGGCCGCCGG;10;1;-1;0
135;KCNQ1;NM_000218;c.73delC;antisens; ATGGCCGCGGCCTCCTCCCCGCCCAGGGCCGAGAGGAAGCGCTGGGGTTGGGGCCGCCTGCCAGGCGCCCGGGGGGCAGCGCGGGCCTGGCCAAGAAGTGCCCCTTCTCGCTGGAGCTGGCGGAGGGCGGCCCGGCGGGCGGCGCGCTCTACGCGCCCATCGCGCCCGGCGCCCCAGGTCCCGCGCCCCCTGCGTCCCCGGCCGCGCCCGCCGCGCCCCCAGTTGCCTCCGACCTTGGCCCGCGGCCGCCGGTGAGCCTAGACCCGCGCGTCTCCATCTACAGCACGCGCCGCCCGGTGTTGGCGCGCACCCACGTCCAGGGCCGCGTCTACAACTTCCTCGAGCGTCCCACCGGCTGGAAATGCTTCGTTTACCACTTCGCCGTCTTCCTCATCGTCCTGGTCTGCCTCATCTTCAGCGTGCTGTCCACCATCGAGCAGTATGCCGCCCTGGCCACGGGGACTCTCTTCTGGATGGAGATCGTGCTGGTGGTGTTCTTCGGGACGGAGTACGTGGTCCGCCTCTGGTCCGCCGGCTGCCGCAGCAAGTACGTGGGCCTCTGGGGGCGGCTGCGCTTTGCCCGGAAGCCCATTTCCATCATCGACCTCATCGTGGTCGTGGCCTCCATGGTGGTCCTCTGCGTGGGCTCCAAGGGGCAGGTGTTTGCCACGTCGGCCATCAGGGGCATCCGCTTCCTGCAGATCCTGAGGATGCTACACGTCGACCGCCAGGGAGGCACCTGGAGGCTCCTGGGCTCCGTGGTCTTCATCCACCGCCAGGAGCTGA;1;10;-1;0
138;KCNQ1;NM_000218;c.73delC;antisens; ATGGCCGCGGCCTCCTCCCCGCCCAGGGCCGAGAGGAAGCGCTGGGGTTGGGGCCGCCTGCCAGGCGCCCGGGGGGCAGCGCGGGCCTGGCCAAGAAGTGCCCCTTCTCGCTGGAGCTGGCGGAGGGCGGCCCGGCGGGCGGCGCGCTCTACGCGCCCATCGCGCCCGGCGCCCCAGGTCCCGCGCCCCCTGCGTCCCCGGCCGCGCCCGCCGCGCCCCCAGTTGCCTCCGACCTTGGCCCGCGGCCGCCGGTGAGCCTAGACCCGCGCGTCTCCATCTACAGCACGCGCCGCCCGGTGTTGGCGCGCACCCACGTCCAGGGCCGCGTCTACAACTTCCTCGAGCGTCCCACCGGCTGGAAATGCTTCGTTTACCACTTCGCCGTCTTCCTCATCGTCCTGGTCTGCCTCATCTTCAGCGTGCTGTCCACCATCGAGCAGTATGCCGCCCTGGCCACGGGGACTCTCTTCTGGATGGAGATCGTGCTGGTGGTGTTCTTCGGGACGGAGTACGTGGTCCGCCTCTGGTCCGCCGGCTGCCGCAGCAAGTACGTGGGCCTCTGGGGGCGGCTGCGCTTTGCCCGGAAGCCCATTTCCATCATCGACCTCATCGTGGTCGTGGCCTCCATGGTGGTCCTCTGCGTGGGCTCCAAGGGGCAGGTGTTTGCCACGTCGGCCATCAGGGGCATCCGCTTCCTGCAGATCCTGAGGATGCTACACGTCGACCGCCAGGGAGGCACCTGGAGGCTCCTGGGCTCCGTGGTCTTCATCCACCGCCAGGAGCTGA;1;10;-1;0
141;KCNQ1;NM_000218;c.73delC;antisens; ATGGCCGCGGCCTCCTCCCCGCCCAGGGCCGAGAGGAAGCGCTGGGGTTGGGGCCGCCTGCCAGGCGCCCGGGGGGCAGCGCGGGCCTGGCCAAGAAGTGCCCCTTCTCGCTGGAGCTGGCGGAGGGCGGCCCGGCGGGCGGCGCGCTCTACGCGCCCATCGCGCCCGGCGCCCCAGGTCCCGCGCCCCCTGCGTCCCCGGCCGCGCCCGCCGCGCCCCCAGTTGCCTCCGACCTTGGCCCGCGGCCGCCGGTGAGCCTAGACCCGCGCGTCTCCATCTACAGCACGCGCCGCCCGGTGTTGGCGCGCACCCACGTCCAGGGCCGCGTCTACAACTTCCTCGAGCGTCCCACCGGCTGGAAATGCTTCGTTTACCACTTCGCCGTCTTCCTCATCGTCCTGGTCTGCCTCATCTTCAGCGTGCTGTCCACCATCGAGCAGTATGCCGCCCTGGCCACGGGGACTCTCTTCTGGATGGAGATCGTGCTGGTGGTGTTCTTCGGGACGGAGTACGTGGTCCGCCTCTGGTCCGCCGGCTGCCGCAGCAAGTACGTGGGCCTCTGGGGGCGGCTGCGCTTTGCCCGGAAGCCCATTTCCATCATCGACCTCATCGTGGTCGTGGCCTCCATGGTGGTCCTCTGCGTGGGCTCCAAGGGGCAGGTGTTTGCCACGTCGGCCATCAGGGGCATCCGCTTCCTGCAGATCCTGAGGATGCTACACGTCGACCGCCAGGGAGGCACCTGGAGGCTCCTGGGCTCCGTGGTCTTCATCCACCGCCAGGAGCTGA;1;10;-1;0
144;KCNQ1;NM_000218;c.74delG;sens; ATGGCCGCGGCCTCCTCCCCGCCCAGGGCCGAGAGGAAGCGCTGGGGTTGGGGCCGCCTGCCAGGCGCCCGGCGGGCAGCGCGGGCCTGGCCAAGAAGTGCCCCTTCTCGCTGGAGCTGGCGGAGGGCGGCCCGGCGGGCGGCGCGCTCTACGCGCCCATCGCGCCCGGCGCCCCAGGTCCCGCGCCCCCTGCGTCCCCGGCCGCGCCCGCCGCGCCCCCAGTTGCCTCCGACCTTGGCCCGCGGCCGCCGGTGAGCCTAGACCCGCGCGTCTCCATCTACAGCACGCGCCGCCCGGTGTTGGCGCGCACCCACGTCCAGGGCCGCGTCTACAACTTCCTCGAGCGTCCCACCGGCTGGAAATGCTTCGTTTACCACTTCGCCGTCTTCCTCATCGTCCTGGTCTGCCTCATCTTCAGCGTGCTGTCCACCATCGAGCAGTATGCCGCCCTGGCCACGGGGACTCTCTTCTGGATGGAGATCGTGCTGGTGGTGTTCTTCGGGACGGAGTACGTGGTCCGCCTCTGGTCCGCCGGCTGCCGCAGCAAGTACGTGGGCCTCTGGGGGCGGCTGCGCTTTGCCCGGAAGCCCATTTCCATCATCGACCTCATCGTGGTCGTGGCCTCCATGGTGGTCCTCTGCGTGGGCTCCAAGGGGCAGGTGTTTGCCACGTCGGCCATCAGGGGCATCCGCTTCCTGCAGATCCTGAGGATGCTACACGTCGACCGCCAGGGAGGCACCTGGAGGCTCCTGGGCTCCGTGGTCTTCATCCACCGCCAGGAGCTGA;10;14;-1;0
147;KCNQ1;NM_000218;c.74delG;sens; ATGGCCGCGGCCTCCTCCCCGCCCAGGGCCGAGAGGAAGCGCTGGGGTTGGGGCCGCCTGCCAGGCGCCCGGCGGGCAGCGCGGGCCTGGCCAAGAAGTGCCCCTTCTCGCTGGAGCTGGCGGAGGGCGGCCCGGCGGGCGGCGCGCTCTACGCGCCCATCGCGCCCGGCGCCCCAGGTCCCGCGCCCCCTGCGTCCCCGGCCGCGCCCGCCGCGCCCCCAGTTGCCTCCGACCTTGGCCCGCGGCCGCCGGTGAGCCTAGACCCGCGCGTCTCCATCTACAGCACGCGCCGCCCGGTGTTGGCGCGCACCCACGTCCAGGGCCGCGTCTACAACTTCCTCGAGCGTCCCACCGGCTGGAAATGCTTCGTTTACCACTTCGCCGTCTTCCTCATCGTCCTGGTCTGCCTCATCTTCAGCGTGCTGTCCACCATCGAGCAGTATGCCGCCCTGGCCACGGGGACTCTCTTCTGGATGGAGATCGTGCTGGTGGTGTTCTTCGGGACGGAGTACGTGGTCCGCCTCTGGTCCGCCGGCTGCCGCAGCAAGTACGTGGGCCTCTGGGGGCGGCTGCGCTTTGCCCGGAAGCCCATTTCCATCATCGACCTCATCGTGGTCGTGGCCTCCATGGTGGTCCTCTGCGTGGGCTCCAAGGGGCAGGTGTTTGCCACGTCGGCCATCAGGGGCATCCGCTTCCTGCAGATCCTGAGGATGCTACACGTCGACCGCCAGGGAGGCACCTGGAGGCTCCTGGGCTCCGTGGTCTTCATCCACCGCCAGGAGCTGA;10;14;-1;0
150;KCNQ1;NM_000218;c.74delG;sens; ATGGCCGCGGCCTCCTCCCCGCCCAGGGCCGAGAGGAAGCGCTGGGGTTGGGGCCGCCTGCCAGGCGCCCGGCGGGCAGCGCGGGCCTGGCCAAGAAGTGCCCCTTCTCGCTGGAGCTGGCGGAGGGCGGCCCGGCGGGCGGCGCGCTCTACGCGCCCATCGCGCCCGGCGCCCCAGGTCCCGCGCCCCCTGCGTCCCCGGCCGCGCCCGCCGCGCCCCCAGTTGCCTCCGACCTTGGCCCGCGGCCGCCGGTGAGCCTAGACCCGCGCGTCTCCATCTACAGCACGCGCCGCCCGGTGTTGGCGCGCACCCACGTCCAGGGCCGCGTCTACAACTTCCTCGAGCGTCCCACCGGCTGGAAATGCTTCGTTTACCACTTCGCCGTCTTCCTCATCGTCCTGGTCTGCCTCATCTTCAGCGTGCTGTCCACCATCGAGCAGTATGCCGCCCTGGCCACGGGGACTCTCTTCTGGATGGAGATCGTGCTGGTGGTGTTCTTCGGGACGGAGTACGTGGTCCGCCTCTGGTCCGCCGGCTGCCGCAGCAAGTACGTGGGCCTCTGGGGGCGGCTGCGCTTTGCCCGGAAGCCCATTTCCATCATCGACCTCATCGTGGTCGTGGCCTCCATGGTGGTCCTCTGCGTGGGCTCCAAGGGGCAGGTGTTTGCCACGTCGGCCATCAGGGGCATCCGCTTCCTGCAGATCCTGAGGATGCTACACGTCGACCGCCAGGGAGGCACCTGGAGGCTCCTGGGCTCCGTGGTCTTCATCCACCGCCAGGAGCTGA;10;14;-1;0
151;KCNQ1;NM_000218;c.74delG;antisens;ATGGCCGCGGCCTCCTCCCCGCCCAGGGCCGAGAGGAAGCGCTGGGGTTGGGGCCGCCTGCCAGGCGCCCGGCGGGCAGCGCGGGCCTGGCCAAGAAGTGCCCCTTCTCGCTGGAGCTGGCGGAGGGCGGCCCGGCGGGCGGCGCGCTCTACGCGCCCATCGCGCCCGGCGCCCCAGGTCCCGCGCCCCCTGCGTCCCCGGCCGCGCCCGCCGCGCCCCCAGTTGCCTCCGACCTTGGCCCGCGGCCGCCGG;10;1;-1;0
153;KCNQ1;NM_000218;c.74delG;antisens; ATGGCCGCGGCCTCCTCCCCGCCCAGGGCCGAGAGGAAGCGCTGGGGTTGGGGCCGCCTGCCAGGCGCCCGGCGGGCAGCGCGGGCCTGGCCAAGAAGTGCCCCTTCTCGCTGGAGCTGGCGGAGGGCGGCCCGGCGGGCGGCGCGCTCTACGCGCCCATCGCGCCCGGCGCCCCAGGTCCCGCGCCCCCTGCGTCCCCGGCCGCGCCCGCCGCGCCCCCAGTTGCCTCCGACCTTGGCCCGCGGCCGCCGGTGAGCCTAGACCCGCGCGTCTCCATCTACAGCACGCGCCGCCCGGTGTTGGCGCGCACCCACGTCCAGGGCCGCGTCTACAACTTCCTCGAGCGTCCCACCGGCTGGAAATGCTTCGTTTACCACTTCGCCGTCTTCCTCATCGTCCTGGTCTGCCTCATCTTCAGCGTGCTGTCCACCATCGAGCAGTATGCCGCCCTGGCCACGGGGACTCTCTTCTGGATGGAGATCGTGCTGGTGGTGTTCTTCGGGACGGAGTACGTGGTCCGCCTCTGGTCCGCCGGCTGCCGCAGCAAGTACGTGGGCCTCTGGGGGCGGCTGCGCTTTGCCCGGAAGCCCATTTCCATCATCGACCTCATCGTGGTCGTGGCCTCCATGGTGGTCCTCTGCGTGGGCTCCAAGGGGCAGGTGTTTGCCACGTCGGCCATCAGGGGCATCCGCTTCCTGCAGATCCTGAGGATGCTACACGTCGACCGCCAGGGAGGCACCTGGAGGCTCCTGGGCTCCGTGGTCTTCATCCACCGCCAGGAGCTGA;1;10;-1;0
156;KCNQ1;NM_000218;c.74delG;antisens; ATGGCCGCGGCCTCCTCCCCGCCCAGGGCCGAGAGGAAGCGCTGGGGTTGGGGCCGCCTGCCAGGCGCCCGGCGGGCAGCGCGGGCCTGGCCAAGAAGTGCCCCTTCTCGCTGGAGCTGGCGGAGGGCGGCCCGGCGGGCGGCGCGCTCTACGCGCCCATCGCGCCCGGCGCCCCAGGTCCCGCGCCCCCTGCGTCCCCGGCCGCGCCCGCCGCGCCCCCAGTTGCCTCCGACCTTGGCCCGCGGCCGCCGGTGAGCCTAGACCCGCGCGTCTCCATCTACAGCACGCGCCGCCCGGTGTTGGCGCGCACCCACGTCCAGGGCCGCGTCTACAACTTCCTCGAGCGTCCCACCGGCTGGAAATGCTTCGTTTACCACTTCGCCGTCTTCCTCATCGTCCTGGTCTGCCTCATCTTCAGCGTGCTGTCCACCATCGAGCAGTATGCCGCCCTGGCCACGGGGACTCTCTTCTGGATGGAGATCGTGCTGGTGGTGTTCTTCGGGACGGAGTACGTGGTCCGCCTCTGGTCCGCCGGCTGCCGCAGCAAGTACGTGGGCCTCTGGGGGCGGCTGCGCTTTGCCCGGAAGCCCATTTCCATCATCGACCTCATCGTGGTCGTGGCCTCCATGGTGGTCCTCTGCGTGGGCTCCAAGGGGCAGGTGTTTGCCACGTCGGCCATCAGGGGCATCCGCTTCCTGCAGATCCTGAGGATGCTACACGTCGACCGCCAGGGAGGCACCTGGAGGCTCCTGGGCTCCGTGGTCTTCATCCACCGCCAGGAGCTGA;1;10;-1;0
159;KCNQ1;NM_000218;c.74delG;antisens; ATGGCCGCGGCCTCCTCCCCGCCCAGGGCCGAGAGGAAGCGCTGGGGTTGGGGCCGCCTGCCAGGCGCCCGGCGGGCAGCGCGGGCCTGGCCAAGAAGTGCCCCTTCTCGCTGGAGCTGGCGGAGGGCGGCCCGGCGGGCGGCGCGCTCTACGCGCCCATCGCGCCCGGCGCCCCAGGTCCCGCGCCCCCTGCGTCCCCGGCCGCGCCCGCCGCGCCCCCAGTTGCCTCCGACCTTGGCCCGCGGCCGCCGGTGAGCCTAGACCCGCGCGTCTCCATCTACAGCACGCGCCGCCCGGTGTTGGCGCGCACCCACGTCCAGGGCCGCGTCTACAACTTCCTCGAGCGTCCCACCGGCTGGAAATGCTTCGTTTACCACTTCGCCGTCTTCCTCATCGTCCTGGTCTGCCTCATCTTCAGCGTGCTGTCCACCATCGAGCAGTATGCCGCCCTGGCCACGGGGACTCTCTTCTGGATGGAGATCGTGCTGGTGGTGTTCTTCGGGACGGAGTACGTGGTCCGCCTCTGGTCCGCCGGCTGCCGCAGCAAGTACGTGGGCCTCTGGGGGCGGCTGCGCTTTGCCCGGAAGCCCATTTCCATCATCGACCTCATCGTGGTCGTGGCCTCCATGGTGGTCCTCTGCGTGGGCTCCAAGGGGCAGGTGTTTGCCACGTCGGCCATCAGGGGCATCCGCTTCCTGCAGATCCTGAGGATGCTACACGTCGACCGCCAGGGAGGCACCTGGAGGCTCCTGGGCTCCGTGGTCTTCATCCACCGCCAGGAGCTGA;1;10;-1;0
162;KCNQ1;NM_000218;c.168_169insAT;sens; ATGGCCGCGGCCTCCTCCCCGCCCAGGGCCGAGAGGAAGCGCTGGGGTTGGGGCCGCCTGCCAGGCGCCCGGCGGGGCAGCGCGGGCCTGGCCAAGAAGTGCCCCTTCTCGCTGGAGCTGGCGGAGGGCGGCCCGGCGGGCGGCGCGCTCTACGCGCCCATCGCGCCCATGGCGCCCCAGGTCCCGCGCCCCCTGCGTCCCCGGCCGCGCCCGCCGCGCCCCCAGTTGCCTCCGACCTTGGCCCGCGGCCGCCGGTGAGCCTAGACCCGCGCGTCTCCATCTACAGCACGCGCCGCCCGGTGTTGGCGCGCACCCACGTCCAGGGCCGCGTCTACAACTTCCTCGAGCGTCCCACCGGCTGGAAATGCTTCGTTTACCACTTCGCCGTCTTCCTCATCGTCCTGGTCTGCCTCATCTTCAGCGTGCTGTCCACCATCGAGCAGTATGCCGCCCTGGCCACGGGGACTCTCTTCTGGATGGAGATCGTGCTGGTGGTGTTCTTCGGGACGGAGTACGTGGTCCGCCTCTGGTCCGCCGGCTGCCGCAGCAAGTACGTGGGCCTCTGGGGGCGGCTGCGCTTTGCCCGGAAGCCCATTTCCATCATCGACCTCATCGTGGTCGTGGCCTCCATGGTGGTCCTCTGCGTGGGCTCCAAGGGGCAGGTGTTTGCCACGTCGGCCATCAGGGGCATCCGCTTCCTGCAGATCCTGAGGATGCTACACGTCGACCGCCAGGGAGGCACCTGGAGGCTCCTGGGCTCCGTGGTCTTCATCCACCGCCAGGAGCTGA;10;14;-1;0
165;KCNQ1;NM_000218;c.168_169insAT;sens; ATGGCCGCGGCCTCCTCCCCGCCCAGGGCCGAGAGGAAGCGCTGGGGTTGGGGCCGCCTGCCAGGCGCCCGGCGGGGCAGCGCGGGCCTGGCCAAGAAGTGCCCCTTCTCGCTGGAGCTGGCGGAGGGCGGCCCGGCGGGCGGCGCGCTCTACGCGCCCATCGCGCCCATGGCGCCCCAGGTCCCGCGCCCCCTGCGTCCCCGGCCGCGCCCGCCGCGCCCCCAGTTGCCTCCGACCTTGGCCCGCGGCCGCCGGTGAGCCTAGACCCGCGCGTCTCCATCTACAGCACGCGCCGCCCGGTGTTGGCGCGCACCCACGTCCAGGGCCGCGTCTACAACTTCCTCGAGCGTCCCACCGGCTGGAAATGCTTCGTTTACCACTTCGCCGTCTTCCTCATCGTCCTGGTCTGCCTCATCTTCAGCGTGCTGTCCACCATCGAGCAGTATGCCGCCCTGGCCACGGGGACTCTCTTCTGGATGGAGATCGTGCTGGTGGTGTTCTTCGGGACGGAGTACGTGGTCCGCCTCTGGTCCGCCGGCTGCCGCAGCAAGTACGTGGGCCTCTGGGGGCGGCTGCGCTTTGCCCGGAAGCCCATTTCCATCATCGACCTCATCGTGGTCGTGGCCTCCATGGTGGTCCTCTGCGTGGGCTCCAAGGGGCAGGTGTTTGCCACGTCGGCCATCAGGGGCATCCGCTTCCTGCAGATCCTGAGGATGCTACACGTCGACCGCCAGGGAGGCACCTGGAGGCTCCTGGGCTCCGTGGTCTTCATCCACCGCCAGGAGCTGA;10;14;-1;0
168;KCNQ1;NM_000218;c.168_169insAT;sens; ATGGCCGCGGCCTCCTCCCCGCCCAGGGCCGAGAGGAAGCGCTGGGGTTGGGGCCGCCTGCCAGGCGCCCGGCGGGGCAGCGCGGGCCTGGCCAAGAAGTGCCCCTTCTCGCTGGAGCTGGCGGAGGGCGGCCCGGCGGGCGGCGCGCTCTACGCGCCCATCGCGCCCATGGCGCCCCAGGTCCCGCGCCCCCTGCGTCCCCGGCCGCGCCCGCCGCGCCCCCAGTTGCCTCCGACCTTGGCCCGCGGCCGCCGGTGAGCCTAGACCCGCGCGTCTCCATCTACAGCACGCGCCGCCCGGTGTTGGCGCGCACCCACGTCCAGGGCCGCGTCTACAACTTCCTCGAGCGTCCCACCGGCTGGAAATGCTTCGTTTACCACTTCGCCGTCTTCCTCATCGTCCTGGTCTGCCTCATCTTCAGCGTGCTGTCCACCATCGAGCAGTATGCCGCCCTGGCCACGGGGACTCTCTTCTGGATGGAGATCGTGCTGGTGGTGTTCTTCGGGACGGAGTACGTGGTCCGCCTCTGGTCCGCCGGCTGCCGCAGCAAGTACGTGGGCCTCTGGGGGCGGCTGCGCTTTGCCCGGAAGCCCATTTCCATCATCGACCTCATCGTGGTCGTGGCCTCCATGGTGGTCCTCTGCGTGGGCTCCAAGGGGCAGGTGTTTGCCACGTCGGCCATCAGGGGCATCCGCTTCCTGCAGATCCTGAGGATGCTACACGTCGACCGCCAGGGAGGCACCTGGAGGCTCCTGGGCTCCGTGGTCTTCATCCACCGCCAGGAGCTGA;10;14;-1;0
169;KCNQ1;NM_000218;c.168_169insAT;antisens;ATGGCCGCGGCCTCCTCCCCGCCCAGGGCCGAGAGGAAGCGCTGGGGTTGGGGCCGCCTGCCAGGCGCCCGGCGGGGCAGCGCGGGCCTGGCCAAGAAGTGCCCCTTCTCGCTGGAGCTGGCGGAGGGCGGCCCGGCGGGCGGCGCGCTCTACGCGCCCATCGCGCCCATGGCGCCCCAGGTCCCGCGCCCCCTGCGTCCCCGGCCGCGCCCGCCGCGCCCCCAGTTGCCTCCGACCTTGGCCCGCGGCCGCCGG;10;1;-1;0
171;KCNQ1;NM_000218;c.168_169insAT;antisens; ATGGCCGCGGCCTCCTCCCCGCCCAGGGCCGAGAGGAAGCGCTGGGGTTGGGGCCGCCTGCCAGGCGCCCGGCGGGGCAGCGCGGGCCTGGCCAAGAAGTGCCCCTTCTCGCTGGAGCTGGCGGAGGGCGGCCCGGCGGGCGGCGCGCTCTACGCGCCCATCGCGCCCATGGCGCCCCAGGTCCCGCGCCCCCTGCGTCCCCGGCCGCGCCCGCCGCGCCCCCAGTTGCCTCCGACCTTGGCCCGCGGCCGCCGGTGAGCCTAGACCCGCGCGTCTCCATCTACAGCACGCGCCGCCCGGTGTTGGCGCGCACCCACGTCCAGGGCCGCGTCTACAACTTCCTCGAGCGTCCCACCGGCTGGAAATGCTTCGTTTACCACTTCGCCGTCTTCCTCATCGTCCTGGTCTGCCTCATCTTCAGCGTGCTGTCCACCATCGAGCAGTATGCCGCCCTGGCCACGGGGACTCTCTTCTGGATGGAGATCGTGCTGGTGGTGTTCTTCGGGACGGAGTACGTGGTCCGCCTCTGGTCCGCCGGCTGCCGCAGCAAGTACGTGGGCCTCTGGGGGCGGCTGCGCTTTGCCCGGAAGCCCATTTCCATCATCGACCTCATCGTGGTCGTGGCCTCCATGGTGGTCCTCTGCGTGGGCTCCAAGGGGCAGGTGTTTGCCACGTCGGCCATCAGGGGCATCCGCTTCCTGCAGATCCTGAGGATGCTACACGTCGACCGCCAGGGAGGCACCTGGAGGCTCCTGGGCTCCGTGGTCTTCATCCACCGCCAGGAGCTGA;1;10;-1;0
174;KCNQ1;NM_000218;c.168_169insAT;antisens; ATGGCCGCGGCCTCCTCCCCGCCCAGGGCCGAGAGGAAGCGCTGGGGTTGGGGCCGCCTGCCAGGCGCCCGGCGGGGCAGCGCGGGCCTGGCCAAGAAGTGCCCCTTCTCGCTGGAGCTGGCGGAGGGCGGCCCGGCGGGCGGCGCGCTCTACGCGCCCATCGCGCCCATGGCGCCCCAGGTCCCGCGCCCCCTGCGTCCCCGGCCGCGCCCGCCGCGCCCCCAGTTGCCTCCGACCTTGGCCCGCGGCCGCCGGTGAGCCTAGACCCGCGCGTCTCCATCTACAGCACGCGCCGCCCGGTGTTGGCGCGCACCCACGTCCAGGGCCGCGTCTACAACTTCCTCGAGCGTCCCACCGGCTGGAAATGCTTCGTTTACCACTTCGCCGTCTTCCTCATCGTCCTGGTCTGCCTCATCTTCAGCGTGCTGTCCACCATCGAGCAGTATGCCGCCCTGGCCACGGGGACTCTCTTCTGGATGGAGATCGTGCTGGTGGTGTTCTTCGGGACGGAGTACGTGGTCCGCCTCTGGTCCGCCGGCTGCCGCAGCAAGTACGTGGGCCTCTGGGGGCGGCTGCGCTTTGCCCGGAAGCCCATTTCCATCATCGACCTCATCGTGGTCGTGGCCTCCATGGTGGTCCTCTGCGTGGGCTCCAAGGGGCAGGTGTTTGCCACGTCGGCCATCAGGGGCATCCGCTTCCTGCAGATCCTGAGGATGCTACACGTCGACCGCCAGGGAGGCACCTGGAGGCTCCTGGGCTCCGTGGTCTTCATCCACCGCCAGGAGCTGA;1;10;-1;0
177;KCNQ1;NM_000218;c.168_169insAT;antisens; ATGGCCGCGGCCTCCTCCCCGCCCAGGGCCGAGAGGAAGCGCTGGGGTTGGGGCCGCCTGCCAGGCGCCCGGCGGGGCAGCGCGGGCCTGGCCAAGAAGTGCCCCTTCTCGCTGGAGCTGGCGGAGGGCGGCCCGGCGGGCGGCGCGCTCTACGCGCCCATCGCGCCCATGGCGCCCCAGGTCCCGCGCCCCCTGCGTCCCCGGCCGCGCCCGCCGCGCCCCCAGTTGCCTCCGACCTTGGCCCGCGGCCGCCGGTGAGCCTAGACCCGCGCGTCTCCATCTACAGCACGCGCCGCCCGGTGTTGGCGCGCACCCACGTCCAGGGCCGCGTCTACAACTTCCTCGAGCGTCCCACCGGCTGGAAATGCTTCGTTTACCACTTCGCCGTCTTCCTCATCGTCCTGGTCTGCCTCATCTTCAGCGTGCTGTCCACCATCGAGCAGTATGCCGCCCTGGCCACGGGGACTCTCTTCTGGATGGAGATCGTGCTGGTGGTGTTCTTCGGGACGGAGTACGTGGTCCGCCTCTGGTCCGCCGGCTGCCGCAGCAAGTACGTGGGCCTCTGGGGGCGGCTGCGCTTTGCCCGGAAGCCCATTTCCATCATCGACCTCATCGTGGTCGTGGCCTCCATGGTGGTCCTCTGCGTGGGCTCCAAGGGGCAGGTGTTTGCCACGTCGGCCATCAGGGGCATCCGCTTCCTGCAGATCCTGAGGATGCTACACGTCGACCGCCAGGGAGGCACCTGGAGGCTCCTGGGCTCCGTGGTCTTCATCCACCGCCAGGAGCTGA;1;10;-1;0
180;KCNQ1;NM_000218;c.279delC;sens;ATGGCCGCGGCCTCCTCCCCGCCCAGGGCCGAGAGGAAGCGCTGGGGTTGGGGCCGCCTGCCAGGCGCCCGGCGGGGCAGCGCGGGCCTGGCCAAGAAGTGCCCCTTCTCGCTGGAGCTGGCGGAGGGCGGCCCGGCGGGCGGCGCGCTCTACGCGCCCATCGCGCCCGGCGCCCCAGGTCCCGCGCCCCCTGCGTCCCCGGCCGCGCCCGCCGCGCCCCCAGTTGCCTCCGACCTTGGCCCGCGGCCGCCGGTGAGCCTAGACCCGCGCGTCTCCATTACAGCACGCGCCGCCCGGTGTTGGCGCGCACCCACGTCCAGGGCCGCGTCTACAACTTCCTCGAGCGTCCCACCGGCTGGAAATGCTTCGTTTACCACTTCGCCGTCTTCCTCATCGTCCTGGTCTGCCTCATCTTCAGCGTGCTGTCCACCATCGAGCAGTATGCCGCCCTGGCCACGGGGACTCTCTTCTGGATGGAGATCGTGCTGGTGGTGTTCTTCGGGACGGAGTACGTGGTCCGCCTCTGGTCCGCCGGCTGCCGCAGCAAGTACGTGGGCCTCTGGGGGCGGCTGCGCTTTGCCCGGAAGCCCATTTCCATCATCGACCTCATCGTGGTCGTGGCCTCCATGGTGGTCCTCTGCGTGGGCTCCAAGGGGCAGGTGTTTGCCACGTCGGCCATCAGGGGCATCCGCTTCCTGCAGATCCTGAGGATGCTACACGTCGACCGCCAGGGAGGCACCTGGAGGCTCCTGGGCTCCGTGGTCTTCATCCACCGCCAGGAGCTGA;1;14;-1;0
181;KCNQ1;NM_000218;c.279delC;sens; ATGGCCGCGGCCTCCTCCCCGCCCAGGGCCGAGAGGAAGCGCTGGGGTTGGGGCCGCCTGCCAGGCGCCCGGCGGGGCAGCGCGGGCCTGGCCAAGAAGTGCCCCTTCTCGCTGGAGCTGGCGGAGGGCGGCCCGGCGGGCGGCGCGCTCTACGCGCCCATCGCGCCCGGCGCCCCAGGTCCCGCGCCCCCTGCGTCCCCGGCCGCGCCCGCCGCGCCCCCAGTTGCCTCCGACCTTGGCCCGCGGCCGCCGGTGAGCCTAGACCCGCGCGTCTCCATTACAGCACGCGCCGCCCGGTGTTGGCGCGCACCCACGTCCAGGGCCGCGTCTACAACTTCCTCGAGCGTCCCACCGGCTGGAAATGCTTCGTTTACCACTTCGCCGTCTTCCTCATCGTCCTGGTCTGCCTCATCTTCAGCGTGCTGTCCACCATCGAGCAGTATGCCGCCCTGGCCACGGGGACTCTCTTCTGGATGGAGATCGTGCTGGTGGTGTTCTTCGGGACGGAGTACGTGGTCCGCCTCTGGTCCGCCGGCTGCCGCAGCAAGTACGTGGGCCTCTGGGGGCGGCTGCGCTTTGCCCGGAAGCCCATTTCCATCATCGACCTCATCGTGGTCGTGGCCTCCATGGTGGTCCTCTGCGTGGGCTCCAAGGGGCAGGTGTTTGCCACGTCGGCCATCAGGGGCATCCGCTTCCTGCAGATCCTGAGGATGCTACACGTCGACCGCCAGGGAGGCACCTGGAGGCTCCTGGGCTCCGTGGTCTTCATCCACCGCCAGGAGCTGA;10;14;-1;0
182;KCNQ1;NM_000218;c.279delC;sens; ATGGCCGCGGCCTCCTCCCCGCCCAGGGCCGAGAGGAAGCGCTGGGGTTGGGGCCGCCTGCCAGGCGCCCGGCGGGGCAGCGCGGGCCTGGCCAAGAAGTGCCCCTTCTCGCTGGAGCTGGCGGAGGGCGGCCCGGCGGGCGGCGCGCTCTACGCGCCCATCGCGCCCGGCGCCCCAGGTCCCGCGCCCCCTGCGTCCCCGGCCGCGCCCGCCGCGCCCCCAGTTGCCTCCGACCTTGGCCCGCGGCCGCCGGTGAGCCTAGACCCGCGCGTCTCCATTACAGCACGCGCCGCCCGGTGTTGGCGCGCACCCACGTCCAGGGCCGCGTCTACAACTTCCTCGAGCGTCCCACCGGCTGGAAATGCTTCGTTTACCACTTCGCCGTCTTCCTCATCGTCCTGGTCTGCCTCATCTTCAGCGTGCTGTCCACCATCGAGCAGTATGCCGCCCTGGCCACGGGGACTCTCTTCTGGATGGAGATCGTGCTGGTGGTGTTCTTCGGGACGGAGTACGTGGTCCGCCTCTGGTCCGCCGGCTGCCGCAGCAAGTACGTGGGCCTCTGGGGGCGGCTGCGCTTTGCCCGGAAGCCCATTTCCATCATCGACCTCATCGTGGTCGTGGCCTCCATGGTGGTCCTCTGCGTGGGCTCCAAGGGGCAGGTGTTTGCCACGTCGGCCATCAGGGGCATCCGCTTCCTGCAGATCCTGAGGATGCTACACGTCGACCGCCAGGGAGGCACCTGGAGGCTCCTGGGCTCCGTGGTCTTCATCCACCGCCAGGAGCTGA;10;14;-1;0
183;KCNQ1;NM_000218;c.279delC;antisens;ATGGCCGCGGCCTCCTCCCCGCCCAGGGCCGAGAGGAAGCGCTGGGGTTGGGGCCGCCTGCCAGGCGCCCGGCGGGGCAGCGCGGGCCTGGCCAAGAAGTGCCCCTTCTCGCTGGAGCTGGCGGAGGGCGGCCCGGCGGGCGGCGCGCTCTACGCGCCCATCGCGCCCGGCGCCCCAGGTCCCGCGCCCCCTGCGTCCCCGGCCGCGCCCGCCGCGCCCCCAGTTGCCTCCGACCTTGGCCCGCGGCCGCCGGTGAGCCTAGACCCGCGCGTCTCCATTACAGCACGCGCCGCCCGGTGTTGGCGCGCACCCACGTCCAGGGCCGCGTCTACAACTTCCTCGAGCGTCCCACCGGCTGGAAATGCTTCGTTTACCACTTCGCCGTCTTCCTCATCGTCCTGGTCTGCCTCATCTTCAGCGTGCTGTCCACCATCGAGCAGTATGCCGCCCTGGCCACGGGGACTCTCTTCTGGATGGAGATCGTGCTGGTGGTGTTCTTCGGGACGGAGTACGTGGTCCGCCTCTGGTCCGCCGGCTGCCGCAGCAAGTACGTGGGCCTCTGGGGGCGGCTGCGCTTTGCCCGGAAGCCCATTTCCATCATCGACCTCATCGTGGTCGTGGCCTCCATGGTGGTCCTCTGCGTGGGCTCCAAGGGGCAGGTGTTTGCCACGTCGGCCATCAGGGGCATCCGCTTCCTGCAGATCCTGAGGATGCTACACGTCGACCGCCAGGGAGGCACCTGGAGGCTCCTGGGCTCCGTGGTCTTCATCCACCGCCAGGAGCTGA;1;10;-1;0
184;KCNQ1;NM_000218;c.279delC;antisens; ATGGCCGCGGCCTCCTCCCCGCCCAGGGCCGAGAGGAAGCGCTGGGGTTGGGGCCGCCTGCCAGGCGCCCGGCGGGGCAGCGCGGGCCTGGCCAAGAAGTGCCCCTTCTCGCTGGAGCTGGCGGAGGGCGGCCCGGCGGGCGGCGCGCTCTACGCGCCCATCGCGCCCGGCGCCCCAGGTCCCGCGCCCCCTGCGTCCCCGGCCGCGCCCGCCGCGCCCCCAGTTGCCTCCGACCTTGGCCCGCGGCCGCCGGTGAGCCTAGACCCGCGCGTCTCCATTACAGCACGCGCCGCCCGGTGTTGGCGCGCACCCACGTCCAGGGCCGCGTCTACAACTTCCTCGAGCGTCCCACCGGCTGGAAATGCTTCGTTTACCACTTCGCCGTCTTCCTCATCGTCCTGGTCTGCCTCATCTTCAGCGTGCTGTCCACCATCGAGCAGTATGCCGCCCTGGCCACGGGGACTCTCTTCTGGATGGAGATCGTGCTGGTGGTGTTCTTCGGGACGGAGTACGTGGTCCGCCTCTGGTCCGCCGGCTGCCGCAGCAAGTACGTGGGCCTCTGGGGGCGGCTGCGCTTTGCCCGGAAGCCCATTTCCATCATCGACCTCATCGTGGTCGTGGCCTCCATGGTGGTCCTCTGCGTGGGCTCCAAGGGGCAGGTGTTTGCCACGTCGGCCATCAGGGGCATCCGCTTCCTGCAGATCCTGAGGATGCTACACGTCGACCGCCAGGGAGGCACCTGGAGGCTCCTGGGCTCCGTGGTCTTCATCCACCGCCAGGAGCTGA;1;10;-1;0
185;KCNQ1;NM_000218;c.279delC;antisens; ATGGCCGCGGCCTCCTCCCCGCCCAGGGCCGAGAGGAAGCGCTGGGGTTGGGGCCGCCTGCCAGGCGCCCGGCGGGGCAGCGCGGGCCTGGCCAAGAAGTGCCCCTTCTCGCTGGAGCTGGCGGAGGGCGGCCCGGCGGGCGGCGCGCTCTACGCGCCCATCGCGCCCGGCGCCCCAGGTCCCGCGCCCCCTGCGTCCCCGGCCGCGCCCGCCGCGCCCCCAGTTGCCTCCGACCTTGGCCCGCGGCCGCCGGTGAGCCTAGACCCGCGCGTCTCCATTACAGCACGCGCCGCCCGGTGTTGGCGCGCACCCACGTCCAGGGCCGCGTCTACAACTTCCTCGAGCGTCCCACCGGCTGGAAATGCTTCGTTTACCACTTCGCCGTCTTCCTCATCGTCCTGGTCTGCCTCATCTTCAGCGTGCTGTCCACCATCGAGCAGTATGCCGCCCTGGCCACGGGGACTCTCTTCTGGATGGAGATCGTGCTGGTGGTGTTCTTCGGGACGGAGTACGTGGTCCGCCTCTGGTCCGCCGGCTGCCGCAGCAAGTACGTGGGCCTCTGGGGGCGGCTGCGCTTTGCCCGGAAGCCCATTTCCATCATCGACCTCATCGTGGTCGTGGCCTCCATGGTGGTCCTCTGCGTGGGCTCCAAGGGGCAGGTGTTTGCCACGTCGGCCATCAGGGGCATCCGCTTCCTGCAGATCCTGAGGATGCTACACGTCGACCGCCAGGGAGGCACCTGGAGGCTCCTGGGCTCCGTGGTCTTCATCCACCGCCAGGAGCTGA;1;10;-1;0
191;KCNQ1;NM_181798;c.121delG;antisens;ATGGCCTGGGGCTGTGAGAGGCCCGGGAAGGCACTGTCTTTGCGCCTGCACATGTGTGTGTCTGGAGTG;5;1;-1;0
197;KCNQ1;NM_181798;c.133_134insTGGTCCGCCTC;antisens;ATGGCCTGGGGCTGTGAGAGGCCCGGGAAGGCACTGTCTTTGCGCCTGCACATGTGTGTGTCTGGAGTG;5;1;-1;0
201;KCNQ1;NM_181798;c.189_193del;sens; ATGGCCTGGGGCTGTGAGAGGCCCGGGAAGGCACTGTCTTTGCGCCTGCACATGTGTGTGTCTGGAGTGTAGGATGGCACTGGTGCCGGGCCTGGATTTACTCAGCCCAGATCACGGCTGCTTTTGTTTACGTGGCCCCTGCTCTCACCCACAACTCCAGGTTTCTGGCTCTCGGGAATTTGAGGCCTGTGGCTGCTGTGGACCCTGGGAAAGAGCCTGTGCTTCCTGAGCCAGTGCGGGGCCTGGCATGGACTTCCTCATCGTCCTGGTCTGCCTCATCTTCAGCGTGCTGTCCACCATCGAGCAGTATGCCGCCCTGGCCACGGGGACTCTCTTCTGGATGGAGATCGTGCTGGTGGTGTTCTTCGGGACGGAGTACGTGGTCCGCCTCTGGTCCGCCGGCTGCCGCAGCAAGTACGTGGGCCTCTGGGGGCGGCTTTGCCCGGAAGCCCATTTCCATCATCGACCTCATCGTGGTCGTGGCCTCCATGGTGGTCCTCTGCGTGGGCTCCAAGGGGCAGGTGTTTGCCACGTCGGCCATCAGGGGCATCCGCTTCCTGCAGATCCTGAGGATGCTACACGTCGACCGCCAGGGAGGCACCTGGAGGCTCCTGGGCTCCGTGGTCTTCATCCACCGCCAGGAGCTGA;2;2;-1;0
203;KCNQ1;NM_181798;c.189_193del;sens; ATGGCCTGGGGCTGTGAGAGGCCCGGGAAGGCACTGTCTTTGCGCCTGCACATGTGTGTGTCTGGAGTGTAGGATGGCACTGGTGCCGGGCCTGGATTTACTCAGCCCAGATCACGGCTGCTTTTGTTTACGTGGCCCCTGCTCTCACCCACAACTCCAGGTTTCTGGCTCTCGGGAATTTGAGGCCTGTGGCTGCTGTGGACCCTGGGAAAGAGCCTGTGCTTCCTGAGCCAGTGCGGGGCCTGGCATGGACTTCCTCATCGTCCTGGTCTGCCTCATCTTCAGCGTGCTGTCCACCATCGAGCAGTATGCCGCCCTGGCCACGGGGACTCTCTTCTGGATGGAGATCGTGCTGGTGGTGTTCTTCGGGACGGAGTACGTGGTCCGCCTCTGGTCCGCCGGCTGCCGCAGCAAGTACGTGGGCCTCTGGGGGCGGCTTTGCCCGGAAGCCCATTTCCATCATCGACCTCATCGTGGTCGTGGCCTCCATGGTGGTCCTCTGCGTGGGCTCCAAGGGGCAGGTGTTTGCCACGTCGGCCATCAGGGGCATCCGCTTCCTGCAGATCCTGAGGATGCTACACGTCGACCGCCAGGGAGGCACCTGGAGGCTCCTGGGCTCCGTGGTCTTCATCCACCGCCAGGAGCTGA;2;2;-1;0
205;KCNQ1;NM_181798;c.189_193del;sens; ATGGCCTGGGGCTGTGAGAGGCCCGGGAAGGCACTGTCTTTGCGCCTGCACATGTGTGTGTCTGGAGTGTAGGATGGCACTGGTGCCGGGCCTGGATTTACTCAGCCCAGATCACGGCTGCTTTTGTTTACGTGGCCCCTGCTCTCACCCACAACTCCAGGTTTCTGGCTCTCGGGAATTTGAGGCCTGTGGCTGCTGTGGACCCTGGGAAAGAGCCTGTGCTTCCTGAGCCAGTGCGGGGCCTGGCATGGACTTCCTCATCGTCCTGGTCTGCCTCATCTTCAGCGTGCTGTCCACCATCGAGCAGTATGCCGCCCTGGCCACGGGGACTCTCTTCTGGATGGAGATCGTGCTGGTGGTGTTCTTCGGGACGGAGTACGTGGTCCGCCTCTGGTCCGCCGGCTGCCGCAGCAAGTACGTGGGCCTCTGGGGGCGGCTTTGCCCGGAAGCCCATTTCCATCATCGACCTCATCGTGGTCGTGGCCTCCATGGTGGTCCTCTGCGTGGGCTCCAAGGGGCAGGTGTTTGCCACGTCGGCCATCAGGGGCATCCGCTTCCTGCAGATCCTGAGGATGCTACACGTCGACCGCCAGGGAGGCACCTGGAGGCTCCTGGGCTCCGTGGTCTTCATCCACCGCCAGGAGCTGA;2;2;-1;0
206;KCNQ1;NM_181798;c.189_193del;antisens;ATGGCCTGGGGCTGTGAGAGGCCCGGGAAGGCACTGTCTTTGCGCCTGCACATGTGTGTGTCTGGAGTG;5;1;-1;0
207;KCNQ1;NM_181798;c.189_193del;antisens; ATGGCCTGGGGCTGTGAGAGGCCCGGGAAGGCACTGTCTTTGCGCCTGCACATGTGTGTGTCTGGAGTGTAGGATGGCACTGGTGCCGGGCCTGGATTTACTCAGCCCAGATCACGGCTGCTTTTGTTTACGTGGCCCCTGCTCTCACCCACAACTCCAGGTTTCTGGCTCTCGGGAATTTGAGGCCTGTGGCTGCTGTGGACCCTGGGAAAGAGCCTGTGCTTCCTGAGCCAGTGCGGGGCCTGGCATGGACTTCCTCATCGTCCTGGTCTGCCTCATCTTCAGCGTGCTGTCCACCATCGAGCAGTATGCCGCCCTGGCCACGGGGACTCTCTTCTGGATGGAGATCGTGCTGGTGGTGTTCTTCGGGACGGAGTACGTGGTCCGCCTCTGGTCCGCCGGCTGCCGCAGCAAGTACGTGGGCCTCTGGGGGCGGCTTTGCCCGGAAGCCCATTTCCATCATCGACCTCATCGTGGTCGTGGCCTCCATGGTGGTCCTCTGCGTGGGCTCCAAGGGGCAGGTGTTTGCCACGTCGGCCATCAGGGGCATCCGCTTCCTGCAGATCCTGAGGATGCTACACGTCGACCGCCAGGGAGGCACCTGGAGGCTCCTGGGCTCCGTGGTCTTCATCCACCGCCAGGAGCTGA;1;5;-1;0
209;KCNQ1;NM_181798;c.189_193del;antisens; ATGGCCTGGGGCTGTGAGAGGCCCGGGAAGGCACTGTCTTTGCGCCTGCACATGTGTGTGTCTGGAGTGTAGGATGGCACTGGTGCCGGGCCTGGATTTACTCAGCCCAGATCACGGCTGCTTTTGTTTACGTGGCCCCTGCTCTCACCCACAACTCCAGGTTTCTGGCTCTCGGGAATTTGAGGCCTGTGGCTGCTGTGGACCCTGGGAAAGAGCCTGTGCTTCCTGAGCCAGTGCGGGGCCTGGCATGGACTTCCTCATCGTCCTGGTCTGCCTCATCTTCAGCGTGCTGTCCACCATCGAGCAGTATGCCGCCCTGGCCACGGGGACTCTCTTCTGGATGGAGATCGTGCTGGTGGTGTTCTTCGGGACGGAGTACGTGGTCCGCCTCTGGTCCGCCGGCTGCCGCAGCAAGTACGTGGGCCTCTGGGGGCGGCTTTGCCCGGAAGCCCATTTCCATCATCGACCTCATCGTGGTCGTGGCCTCCATGGTGGTCCTCTGCGTGGGCTCCAAGGGGCAGGTGTTTGCCACGTCGGCCATCAGGGGCATCCGCTTCCTGCAGATCCTGAGGATGCTACACGTCGACCGCCAGGGAGGCACCTGGAGGCTCCTGGGCTCCGTGGTCTTCATCCACCGCCAGGAGCTGA;1;5;-1;0
211;KCNQ1;NM_181798;c.189_193del;antisens; ATGGCCTGGGGCTGTGAGAGGCCCGGGAAGGCACTGTCTTTGCGCCTGCACATGTGTGTGTCTGGAGTGTAGGATGGCACTGGTGCCGGGCCTGGATTTACTCAGCCCAGATCACGGCTGCTTTTGTTTACGTGGCCCCTGCTCTCACCCACAACTCCAGGTTTCTGGCTCTCGGGAATTTGAGGCCTGTGGCTGCTGTGGACCCTGGGAAAGAGCCTGTGCTTCCTGAGCCAGTGCGGGGCCTGGCATGGACTTCCTCATCGTCCTGGTCTGCCTCATCTTCAGCGTGCTGTCCACCATCGAGCAGTATGCCGCCCTGGCCACGGGGACTCTCTTCTGGATGGAGATCGTGCTGGTGGTGTTCTTCGGGACGGAGTACGTGGTCCGCCTCTGGTCCGCCGGCTGCCGCAGCAAGTACGTGGGCCTCTGGGGGCGGCTTTGCCCGGAAGCCCATTTCCATCATCGACCTCATCGTGGTCGTGGCCTCCATGGTGGTCCTCTGCGTGGGCTCCAAGGGGCAGGTGTTTGCCACGTCGGCCATCAGGGGCATCCGCTTCCTGCAGATCCTGAGGATGCTACACGTCGACCGCCAGGGAGGCACCTGGAGGCTCCTGGGCTCCGTGGTCTTCATCCACCGCCAGGAGCTGA;1;5;-1;0
215;KCNQ1;NM_181798;c.362_363insGA;antisens;ATGGCCTGGGGCTGTGAGAGGCCCGGGAAGGCACTGTCTTTGCGCCTGCACATGTGTGTGTCTGGAGTG;5;1;-1;0
221;KCNQ1;NM_181798;c.445delT;antisens;ATGGCCTGGGGCTGTGAGAGGCCCGGGAAGGCACTGTCTTTGCGCCTGCACATGTGTGTGTCTGGAGTG;5;1;-1;0
227;KCNQ1;NM_181798;c.616_619del;antisens;ATGGCCTGGGGCTGTGAGAGGCCCGGGAAGGCACTGTCTTTGCGCCTGCACATGTGTGTGTCTGGAGTG;5;1;-1;0
233;KCNQ1;NM_181798;c.626delC;antisens;ATGGCCTGGGGCTGTGAGAGGCCCGGGAAGGCACTGTCTTTGCGCCTGCACATGTGTGTGTCTGGAGTG;5;1;-1;0
239;KCNQ1;NM_181798;c.691dupA;antisens;ATGGCCTGGGGCTGTGAGAGGCCCGGGAAGGCACTGTCTTTGCGCCTGCACATGTGTGTGTCTGGAGTG;5;1;-1;0
245;KCNQ1;NM_181798;c.740_743del;antisens;ATGGCCTGGGGCTGTGAGAGGCCCGGGAAGGCACTGTCTTTGCGCCTGCACATGTGTGTGTCTGGAGTG;5;1;-1;0
251;KCNQ1;NM_181798;c.815dupC;antisens;ATGGCCTGGGGCTGTGAGAGGCCCGGGAAGGCACTGTCTTTGCGCCTGCACATGTGTGTGTCTGGAGTG;5;1;-1;0
257;KCNQ1;NM_181798;c.815delC;antisens;ATGGCCTGGGGCTGTGAGAGGCCCGGGAAGGCACTGTCTTTGCGCCTGCACATGTGTGTGTCTGGAGTG;5;1;-1;0
263;KCNQ1;NM_181798;c.858delG;antisens;ATGGCCTGGGGCTGTGAGAGGCCCGGGAAGGCACTGTCTTTGCGCCTGCACATGTGTGTGTCTGGAGTG;5;1;-1;0
269;KCNQ1;NM_181798;c.877dupA;antisens;ATGGCCTGGGGCTGTGAGAGGCCCGGGAAGGCACTGTCTTTGCGCCTGCACATGTGTGTGTCTGGAGTG;5;1;-1;0
275;KCNQ1;NM_181798;c.877delA;antisens;ATGGCCTGGGGCTGTGAGAGGCCCGGGAAGGCACTGTCTTTGCGCCTGCACATGTGTGTGTCTGGAGTG;5;1;-1;0
281;KCNQ1;NM_181798;c.907dupG;antisens;ATGGCCTGGGGCTGTGAGAGGCCCGGGAAGGCACTGTCTTTGCGCCTGCACATGTGTGTGTCTGGAGTG;5;1;-1;0
287;KCNQ1;NM_181798;c.957dupC;antisens;ATGGCCTGGGGCTGTGAGAGGCCCGGGAAGGCACTGTCTTTGCGCCTGCACATGTGTGTGTCTGGAGTG;5;1;-1;0
293;KCNQ1;NM_181798;c.957delC;antisens;ATGGCCTGGGGCTGTGAGAGGCCCGGGAAGGCACTGTCTTTGCGCCTGCACATGTGTGTGTCTGGAGTG;5;1;-1;0
299;KCNQ1;NM_181798;c.1064delC;antisens;ATGGCCTGGGGCTGTGAGAGGCCCGGGAAGGCACTGTCTTTGCGCCTGCACATGTGTGTGTCTGGAGTG;5;1;-1;0
305;KCNQ1;NM_181798;c.1146delC;antisens;ATGGCCTGGGGCTGTGAGAGGCCCGGGAAGGCACTGTCTTTGCGCCTGCACATGTGTGTGTCTGGAGTG;5;1;-1;0
311;KCNQ1;NM_181798;c.1402delG;antisens;ATGGCCTGGGGCTGTGAGAGGCCCGGGAAGGCACTGTCTTTGCGCCTGCACATGTGTGTGTCTGGAGTG;5;1;-1;0
317;KCNQ1;NM_181798;c.1506dupC;antisens;ATGGCCTGGGGCTGTGAGAGGCCCGGGAAGGCACTGTCTTTGCGCCTGCACATGTGTGTGTCTGGAGTG;5;1;-1;0
323;KCNQ1;NM_181798;c.1506delC;antisens;ATGGCCTGGGGCTGTGAGAGGCCCGGGAAGGCACTGTCTTTGCGCCTGCACATGTGTGTGTCTGGAGTG;5;1;-1;0
329;KCNQ1;NM_181798;c.1513dupA;antisens;ATGGCCTGGGGCTGTGAGAGGCCCGGGAAGGCACTGTCTTTGCGCCTGCACATGTGTGTGTCTGGAGTG;5;1;-1;0
335;KCNQ1;NM_181798;c.1526delC;antisens;ATGGCCTGGGGCTGTGAGAGGCCCGGGAAGGCACTGTCTTTGCGCCTGCACATGTGTGTGTCTGGAGTG;5;1;-1;0
341;KCNQ1;NM_181798;c.1593_1600del;antisens;ATGGCCTGGGGCTGTGAGAGGCCCGGGAAGGCACTGTCTTTGCGCCTGCACATGTGTGTGTCTGGAGTG;5;1;-1;0
347;KCNQ1;NM_181798;c.1626_1638del;antisens;ATGGCCTGGGGCTGTGAGAGGCCCGGGAAGGCACTGTCTTTGCGCCTGCACATGTGTGTGTCTGGAGTG;5;1;-1;0